名称,相对路径,性别,年龄段,预测年龄,语速,用途,标签,典型角色,描述
岚风,逗哥热门音色/逗思雨.mp3,男,青年,28岁,适中,旁白,清朗|知性|温润|叙述感|平和|治愈|书卷气|理智,纪录片旁白、电台主播、青年教师、文艺青年、知识科普博主,清朗温润的青年男声，音色干净且富有知性美，语调平和舒缓，带有淡淡的书卷气，非常适合朗读哲理散文、情感语录或作为文化纪录片的旁白。
夜阑,逗哥热门音色/音色-逗激石.mp3,男,青年,35岁,适中,配音+旁白,低沉|磁性|稳重|亲切|叙述感|自然|温和|商务,纪录片旁白、商务精英、深情男主、电台DJ、成熟学长,低沉磁性的成熟男声，音质厚实且富有颗粒感，语调平和自然，既有商务叙述的专业稳重，又兼具情感交流的亲切温暖，适合演绎成熟稳重的角色或进行有质感的旁白解说。
清婉,逗哥热门音色/逗梦梦.mp3,女,青年,24岁,较慢,旁白,温柔|知性|清新|舒缓|细腻|文艺|治愈|含蓄,文艺片旁白、情感电台主播、纪录片解说、图书馆管理员、初恋白月光,声音清澈温润，如同涓涓细流，语调舒缓且富有文艺气息。咬字清晰柔和，透着一种知性与治愈感，非常适合作为文艺电影解说或深夜情感类节目的旁白。
铁柱,逗哥热门音色/音色-   逗大仁.mp3,男,中年,38岁,较快,配音,方言|粗犷|接地气|喜感|豪爽|直接|朴实|高亢,憨厚大叔、暴发户、搞笑配角、热心邻居、小摊贩,带有明显口音或方言特色的中年男声，音色粗犷且富有生活气息，语调直白高亢，透着一股憨厚与喜感，非常适合演绎接地气的市井人物或喜剧角色。
锦悦,逗哥热门音色/音色-逗辰辰.mp3,女,青年,26岁,适中,配音+旁白,知性|温婉|干练|明亮|亲切|职场|清晰|端庄|柔和,新闻主播、职场女性、解说员、智能客服、知性姐姐,声音明亮清晰，透着一股知性与温婉并存的气质，发音标准且具有职业感。语调平稳自然，给人一种既亲切又专业的听感，非常适合作为资讯播报、产品解说或智能助手的语音形象。
星野,逗哥热门音色/音色- 逗小凡.mp3,男,青年,24岁,适中,配音+旁白,清澈|温柔|少年感|干净|磁性|阳光|治愈|亲切,初恋男友、温柔学长、现代都市青年、深情男二、治愈系旁白,清澈干净的青年男声，既有少年的纯真感又带有一丝成熟的磁性，语气温柔亲切，如同春风拂面，非常适合演绎令人心动的恋爱对象或温暖治愈的现代角色。
凌霄,逗哥热门音色/新云浩宇(影视模式).mp3,男,青年,28岁,适中,配音+旁白,清朗|自信|阳光|干练|温润|中气足|略带磁性|亲切,热血主角、青年才俊、正义侠客、阳光学长、精英职员,声音清朗透亮，自带一种年轻且自信的朝气，吐字清晰干练，既有少年的爽朗又有青年的稳重，适合演绎充满正能量或机智果敢的男性角色。
浩然,逗哥热门音色/音色-逗哥君.mp3,男,青年,28岁,适中,配音+旁白,清亮|阳光|爽朗|自信|正气|亲和|自然|通透,热血青年、正派侠客、科技博主、青年才俊、游戏主角,声音清亮通透的青年男声，富有朝气与活力，发音清晰自然，给人以阳光开朗、自信大方的印象，非常适合演绎热血的年轻角色或作为科技、生活类视频的旁白。
艾瑞克,逗哥热门音色/美英Cally女.mp3,男,青年,26岁,适中,旁白,美式|活力|清晰|自信|讲述感|阳光|清亮|现代|热情,冒险片旁白、游戏引导员、科技产品解说、有声书讲述者、青年探险家,清亮且充满活力的美式青年男声，发音清晰标准，语调中带有一种自然的自信与热情，极具讲述感和感染力，非常适合为冒险故事、奇幻游戏或富有探索精神的宣传片进行旁白解说。
言瑾·商务男,逗哥热门音色/音色- 逗承宇.mp3,男,青年,28岁,适中,配音+旁白,温润|清晰|标准|商务|亲切|磁性|稳重|知性,客服专员、新闻主播、商务解说、有声书旁白、AI助理,声音温润清晰，吐字标准，带有一种令人舒适的商务亲和力。语调平稳而不失情感，非常适合用于产品介绍、服务提示音或各类正式场合的旁白解说。
言瑾·新闻播,逗哥热门音色/音色-   逗杨飞.mp3,男,中年,38岁,适中,配音+旁白,浑厚|磁性|稳重|标准|大气|商务|信赖感|专业,新闻主播、纪录片旁白、商务解说、企业高管、正派官员,声音浑厚且富有磁性，发音标准清晰，给人一种沉稳、专业且值得信赖的感觉，非常适合新闻播报、商务宣讲或正剧旁白。
言叙,逗哥热门音色/逗天翼.mp3,男,青年,27岁,适中,旁白,温润|叙述|理性|冷静|清晰|文艺|柔和|知性,影评解说、纪录片旁白、情感电台主播、文艺青年、知识博主,声音温润干净，带有一种客观冷静的叙述感，咬字清晰且语调平缓，没有过多的情绪起伏，非常适合作为电影解说、文化类纪录片或情感文章的旁白。
言瑾,逗哥热门音色/音色- 逗砚书.mp3,男,青年,33岁,适中,配音+旁白,磁性|温润|稳重|叙述感|亲切|知性|正式|播音腔,纪录片旁白、深情男主、电台主播、新闻记者、企业高管,温暖且富有磁性的成熟男声，咬字清晰专业，带有标准的播音质感。语调平稳舒适，既有专业叙述的可信度，又兼具情感交流的亲切感，非常适合纪录片解说或深情独白。
萧寒,逗哥热门音色/音色-逗老二.mp3,男,青年,28岁,适中,配音,磁性|冷峻|攻音|质感|深情|沉稳|苏感|自信,霸道总裁、冷面杀手、深情男主、精英律师、反派卧底,富有质感的青年男声，声线磁性且略带冷峻气息，语气沉稳自信，自带一种深情的“苏感”，非常适合演绎霸道总裁或外冷内热的精英型角色。
云峥,逗哥热门音色/逗阿生-解说beta.mp3,男,青年,27岁,适中,配音+旁白,温柔|清澈|磁性|深情|儒雅|知性|治愈|亲切,深情男主、温柔师兄、电台主播、邻家哥哥、书生,温暖而富有磁性的青年男声，音色清澈干净，语调平缓柔和，带有一种天然的亲切感和治愈力。非常适合演绎深情款款的男主角或知性儒雅的文人角色。
亦承,逗哥热门音色/音色- 逗飞鸿.mp3,男,青年,28岁,适中,配音+旁白,清亮|温润|现代|知性|专业|亲和|磁性|稳重,新闻主播、都市白领、纪录片解说、年轻律师、电台DJ,声音清亮温润，具有现代都市男性的知性气质，咬字清晰专业，带有一种令人舒适的亲和力与信任感，非常适合商务旁白、新闻播报或现代都市剧中的专业人士角色。
雅韵,逗哥热门音色/音色-逗青蕾.mp3,女,青年,28岁,适中,配音+旁白,知性|温柔|优雅|端庄|亲切|清晰|自然|柔和,新闻主播、知性大姐姐、私人助理、纪录片旁白、温柔师姐,声音温润如玉，透着一种知性与优雅的气质，咬字清晰且富有亲和力。既适合作为智能助手的交互语音，也能胜任情感电台或纪录片的解说，给人如沐春风的舒适感。
言知,逗哥热门音色/音色-  圆腔-阿七.mp3,男,青年,27岁,适中,配音+旁白,温暖|清晰|亲切|知性|明亮|柔和|磁性|舒适|可靠,电台主播、暖男学长、智能助手、知识博主、青年医生,温暖清晰的青年男声，音色明亮且带有舒适的亲切感，咬字精准，如同身边的可靠朋友或智能助手，非常适合作为有声读物旁白、情感电台或服务型AI语音。
言尘,逗哥热门音色/逗弘文.mp3,男,青年,27岁,较慢,配音+旁白,清冷|感伤|叙述感|深情|文艺|干净|遗憾|通透,深情男配、悲剧主角、回忆叙述者、文艺片旁白、失意书生,清冷而略带感伤的青年男声，语调平缓且富有故事感，透过声音能感受到一种淡淡的遗憾与无力感，非常适合演绎生死离别或情感独白的场景。
言瑾·云浩宇,逗哥热门音色/云浩宇.mp3,男,青年,25岁,适中,配音+旁白,清亮|温润|柔和|亲切|阳光|治愈|少年感|干净,邻家哥哥、温柔书生、治愈系男主、暖男、青年教师,声音清亮温润，介于少年与成年之间，带有一种天然的亲切感和干净的阳光气息。语调柔和平稳，非常适合演绎温暖治愈的现代剧男主或古风剧中温文尔雅的书生。
梓墨,逗哥热门音色/音色-  逗浩轩.mp3,男,青年,27岁,适中,配音+旁白,温润|清澈|平静|亲切|自然|书卷气|柔和|治愈,温润公子、年轻教师、知识博主、暖男、深情男二,温润如玉的青年男声，音色清澈干净，没有攻击性，语调平稳且充满亲和力。适合演绎性格温和的角色，或录制情感电台、有声书旁白。
皓宸,逗哥热门音色/逗光舟.mp3,男,青年,24岁,适中,旁白,清亮|温和|叙述感|年轻|自然|柔和|知性|文艺,纪录片旁白、有声书讲述者、电台主播、现代剧暖男、校园学长,清亮温和的青年男声，语调自然流畅，没有过多的修饰感，带有一种娓娓道来的叙述气质，非常适合演绎有声小说、影视解说或文艺类纪录片的旁白。
逸飞,逗哥热门音色/音色- 逗应竹.mp3,男,青年,24岁,适中,配音+旁白,清亮|阳光|温和|少年感|爽朗|亲切|活力|自信,热血少年、阳光学长、偶像男主、青年侠客、游戏向导,清亮爽朗的青年男声，语调轻快且充满朝气，自带一种温暖的亲和力与自信，如同邻家大哥哥般令人感到放松，非常适合演绎热血动漫男主或现代偶像剧中的阳光角色。
睿渊,逗哥热门音色/音色-逗宇熙.mp3,男,青年,28岁,适中,配音+旁白,清亮|温润|知性|磁性|平和|亲切|现代|自信,青年才俊、电台主播、温柔学长、职场精英、暖男,声音清亮温润，兼具现代感与知性气质，发音清晰且带有自然的亲切感。这种音色既适合演绎都市剧中的职场精英或暖男角色，也适合作为科技、人文类内容的解说旁白。
云逸,逗哥热门音色/逗天逸.mp3,男,青年,26岁,适中,配音+旁白,清亮|温润|书卷气|儒雅|柔和|叙述感|平和|治愈|知性,书生、温润公子、文艺青年、纪录片解说、年轻师长,声音清亮温润，自带一股书卷气的儒雅感，语调平和舒缓，如同清茶般耐人寻味。非常适合演绎古风温润公子、现代文艺青年，或作为情感类电台、人文纪录片的旁白。
俊豪,逗哥热门音色/音色-   逗力石.mp3,男,青年,22岁,较快,配音+旁白,清亮|活力|朝气|阳光|爽朗|高亢|少年感|自信,热血少年、运动健将、年轻侠客、乐观的男二号、广告旁白,声音清亮高亢，充满青春的活力与朝气，语调上扬且带有明显的阳光感，非常适合演绎热血动漫男主、运动型角色或积极向上的商业广告旁白。
芷若,逗哥热门音色/音色-逗大咻.mp3,女,青年,28岁,适中,配音+旁白,温柔|知性|亲切|细腻|柔和|治愈|悦耳|淡雅,温柔姐姐、情感主播、贤惠妻子、知性导师、广告旁白,声音温柔细腻，透着一种成熟女性的知性与优雅，语调舒缓亲切，极具治愈感，非常适合演绎情感类独白、温馨广告或贴心的姐姐类角色。
云帆,逗哥热门音色/音色-标男-艾诚.mp3,男,青年,26岁,适中,配音+旁白,清朗|温润|明亮|阳光|正气|亲切|活力|诚恳,初入职场的青年、热血男主、新闻播报员、温柔学长、科技解说,声音清朗明亮，带有一种扑面而来的朝气与活力，发音清晰且富有节奏感，没有油腻感，非常适合演绎积极向上的青年角色或作为具有亲和力的科技产品解说。
崇岳,逗哥热门音色/音色-逗叔君.mp3,男,中年,38岁,适中,配音+旁白,磁性|低沉|沉稳|儒雅|坚定|成熟|厚重|叙述感,谋士、中年剑客、纪录片旁白、家族族长、稳重上司,声音低沉醇厚，带有一种经历过风霜的沉稳感与磁性，咬字清晰且富有质感。既适合演绎深谋远虑的成熟男性角色，也适合作为历史或悬疑类题材的旁白。
亦寒,逗哥热门音色/音色-逗超幻.mp3,男,青年,28岁,适中,配音+旁白,磁性|清亮|温润|现代|知性|稳重|叙述感|亲和,新闻主播、记录片解说、都市白领、深情男主、电台DJ,声音清亮温润，富有现代感和磁性，咬字清晰且带有自然的叙述感。适合演绎都市情感剧男主、有声书旁白或商务解说，给人以专业且亲切的听感。
灵萱,逗哥热门音色/音色-   逗顺妞.mp3,女,少年,14岁,较快,配音,稚嫩|清脆|活泼|可爱|元气|萝莉音|明亮|单纯,元气少女、魔法学徒、傲娇妹妹、小精灵、校园女生,声音清脆明亮，带有明显的少女稚气和元气感，语调轻快活泼，像是一只不知疲倦的小鸟，非常适合演绎可爱、单纯或有点傲娇的二次元少女角色。
萌萌,逗哥热门音色/音色-  甜美萌妹.mp3,女,青年,23岁,适中,配音,甜美|俏皮|清亮|活泼|灵动|亲切|元气|可爱,邻家少女、游戏NPC、动漫女主、贴心学妹、精灵助手,清亮甜美的年轻女声，带有明显的活泼感和亲和力，声线灵动且充满元气。适合演绎可爱型的动漫少女、恋爱游戏中的女主角或贴心的系统助手。
智悦,逗哥热门音色/音色-  豆腐妹.mp3,女,青年,26岁,适中,配音+旁白,亲切|知性|清晰|柔和|智能|礼貌|明亮|服务感,AI助手、语音客服、商场广播、企业宣传片旁白、导航语音,声音明亮清晰，带有标准的职业感和亲切度，语调平稳柔和，没有强烈的个人情绪起伏，非常适合作为智能助手、公共服务广播或现代企业宣传的标准化声音。
玄渊,逗哥热门音色/音色-逗亮嘉.mp3,男,中年,38岁,适中,配音+旁白,低沉|浑厚|磁性|稳重|深邃|威严|成熟|冷峻|有质感,反派首领、冷面杀手、权谋谋士、魔教教主、深沉大叔,声音浑厚低沉且富有磁性，带有一种深不可测的神秘感和威严气质，语调沉稳内敛，非常适合演绎性格复杂、身居高位或带有暗黑色彩的成熟男性角色。
亦沉,逗哥热门音色/音色-逗亮嘉 (1).mp3,男,中年,38岁,适中,配音+旁白,磁性|深沉|稳重|叙述感|商务|质感|成熟|温和|信赖感,纪录片旁白、商务精英、资深导师、新闻主播、企业高管,声音低沉而富有磁性，展现出一种历经沉淀的成熟质感。语调平稳、吐字清晰，带有一种自然的信赖感和权威感，非常适合演绎稳重的商务人士或进行严肃题材的旁白解说。
韵岚,逗哥热门音色/音色- 逗玥姐.mp3,女,中年,38岁,适中,配音+旁白,知性|温柔|成熟|端庄|亲切|优雅|大方|舒缓,母亲、女上司、纪录片解说、电台主播、知心姐姐,声音温润柔和，透露出一种成熟女性的知性与从容，语调舒缓而富有亲和力，如同春风拂面，非常适合演绎温柔的母亲、知性的职场女性或情感类旁白。
言澈,逗哥热门音色/音色-    逗超鸣.mp3,男,青年,26岁,适中,配音+旁白,清亮|温润|知性|标准|亲切|阳光|自信|现代|治愈,新闻主播、职场精英、暖男学长、解说员、有声书讲述者,声音清亮温润，吐字清晰标准，带有一种现代都市的知性与亲切感。语气阳光自信，既适合资讯播报和产品介绍，也能胜任温暖治愈系的旁白解说。
芸汐,逗哥热门音色/逗星语.mp3,女,青年,26岁,适中,配音+旁白,知性|温婉|柔和|清晰|亲切|自然|干练|端庄,职场女性、知心姐姐、新闻主播、智能助理、纪录片解说,声音温婉柔和且带有知性气质，咬字清晰，语调平稳自然，给人一种既亲切又专业的听感，非常适合演绎职场女性、智能助手或进行资讯类内容的播报。
乐言,逗哥热门音色/音色-   逗立给.mp3,男,少年,12岁,适中,配音,清亮|活泼|稚嫩|正太音|朝气|可爱|阳光|元气,小书童、少年主角、邻家弟弟、动画片主角、系统精灵,清脆明亮的少年正太音，语调上扬充满朝气与活力，发音清晰略带稚气，非常适合演绎热血动漫的少年主角、古灵精怪的弟弟或活泼的引导精灵。
玄铭,逗哥热门音色/逗达叔（影视模式）.mp3,男,中年,38岁,适中,配音+旁白,低沉|磁性|稳重|叙述感|温厚|知性|自然|沉着|悦耳,纪录片旁白、资深教授、温和的上司、新闻主播、情感电台,声音低沉温厚，富有自然的磁性和叙述感，如同深夜电台的知心大叔，语调平稳且带有抚慰人心的力量，非常适合纪录片解说或需要信任感的角色配音。
芯悦,逗哥热门音色/音色- 逗佳璇.mp3,女,青年,26岁,适中,配音+旁白,温柔|知性|清晰|亲切|自然|甜美|平静|治愈|端庄,智能助手、有声书女主、知心姐姐、企业客服、纪录片解说,声音清澈温柔且富有知性美，语气亲切自然，没有过多的攻击性，给人一种如沐春风的舒适感，非常适合作为智能助手交互或情感类文章的朗读。
亦君,逗哥热门音色/音色-  豆豆哥.mp3,男,青年,28岁,适中,配音+旁白,温润|清澈|知性|儒雅|磁性|柔和|亲切|标准,文艺青年、暖男、知识博主、纪录片解说、有声书主角,温润如玉的青年男声，音质清澈干净，语调平稳且带有自然的亲切感。声音中透着一种知性和儒雅的气质，既适合演绎深情的现代剧角色，也胜任知识科普或情感类旁白。
天佑,逗哥热门音色/音色-  逗超腾紧.mp3,男,青年,23岁,较快,配音,高昂|活力|阳光|热情|明亮|清脆|自信|爽朗,热血少年、阳光学长、运动健将、开心果、正义主角,充满朝气与活力的青年男声，音色明亮高昂，语调中透着一股积极向上的劲头。适合演绎热血动漫主角、校园剧中的阳光大男孩或充满正能量的宣传解说。
沧海,逗哥热门音色/有力-逗叔君.mp3,男,中年,45岁,适中,旁白,浑厚|史诗感|苍凉|叙事|沉稳|纪录片|磁性|大气|说书感,历史讲述者、纪录片旁白、说书人、军师、谋士,声音浑厚且富有历史沧桑感，语调起伏有致，带有明显的叙事张力和史诗氛围。咬字清晰有力，非常适合历史题材的解说、纪录片旁白或演义小说中的说书人角色。
星朗,逗哥热门音色/逗泽齐.mp3,男,青年,23岁,适中,配音+旁白,清亮|阳光|活泼|少年感|朝气|明快|积极|亲切|讲述感,热血少年、年轻记者、阳光学长、旅行博主、游戏主角,声音清亮干净，充满朝气与活泼的少年感。语调轻快上扬，带有明显的讲述欲和亲切感，非常适合演绎阳光开朗的年轻角色或作为生活类、旅游类视频的旁白。
亦帆,逗哥热门音色/逗昊天.mp3,男,青年,27岁,适中,旁白,清朗|知性|叙述感|自然|温和|平稳|流畅|悦耳,电影解说员、纪录片旁白、有声书讲述者、知性学长、文艺青年,声音清朗自然，带有一种温和的知性气质，叙述感极强，语调平稳流畅，非常适合作为影视解说、纪录片旁白或有声读物的讲述者。
绮梦,逗哥热门音色/逗娇娇.mp3,女,青年,24岁,适中,配音+旁白,甜美|清亮|温柔|知性|治愈|亲切|细腻|明快,邻家少女、偶像剧女主、电台主播、广告旁白、人工智能助手,声音甜美清亮，带有一种治愈人心的温暖感，语调轻柔且富有情感，咬字清晰，非常适合演绎充满希望的正面角色或情感细腻的文艺旁白。
柏舟,逗哥热门音色/音色- 老中医-杠精.mp3,男,中年,38岁,适中,配音+旁白,沉稳|磁性|温和|商务|成熟|亲切|厚实|儒雅,商务精英、纪录片旁白、资深导师、成熟大叔、新闻主播,声音沉稳厚实，自带成熟男性的磁性与儒雅感，语气亲切自然且不失专业度，给人一种值得信赖的感觉，非常适合商务接待、知识讲解或
若兰,逗哥热门音色/音色-逗菜菜.mp3,女,青年,27岁,适中,配音+旁白,知性|温柔|优雅|清晰|亲切|舒适|明亮|端庄,AI助手、新闻播报、职场女性、解说员、知心姐姐,声音清亮温和，带有明显的知性气质与服务感，咬字清晰且语调平稳，给人一种专业而又不失亲切的听感，非常适合作为智能客服、有声读物旁白或都市职场剧中的角色配音。
初雪,逗哥热门音色/音色-  青春女神.mp3,女,青年,23岁,适中,配音+旁白,清冷|空灵|淡雅|温柔|知性|冷静|疏离|细腻,高冷女神、AI助手、仙侠师姐、现代女医生、智能系统,声音清冷淡雅，如同初雪般纯净且带有微微的疏离感。语调平稳克制，情感含蓄内敛，非常适合演绎性格冷静的高知女性、仙侠剧中的高冷女神或作为高级感的系统旁白。
朗悦,逗哥热门音色/音色-逗子涵.mp3,男,青年,27岁,适中,配音+旁白,清亮|温和|阳光|亲切|自然|有朝气|磁性|舒适,青年才俊、热血男主、暖男、新闻主播、解说员,声音清亮温润的青年男声，语调自然流畅，带有一种如沐春风的亲切感与朝气。非常适合演绎现代剧中的正能量男主或进行轻松愉悦的旁白解说。
童语,逗哥热门音色/音色-   逗超幼.mp3,男,儿童,6岁,适中,配音,稚嫩|可爱|清脆|纯真|活泼|奶气|明亮|童趣,小男孩、宠物拟人、系统精灵、邻家弟弟、幼儿园小朋友,声音稚嫩清脆，带有明显的奶气和童真感，发音咬字清晰且富有活力，非常适合演绎活泼可爱的小男孩角色或具有萌系属性的虚拟形象。
鸿远,逗哥热门音色/逗宗杰.mp3,男,中年,38岁,适中,配音+旁白,浑厚|磁性|深情|沉稳|故事感|成熟|温暖|稳重,深情男主、温厚长者、纪录片解说、电台主播、知心大哥,声音浑厚且富有磁性，中气十足，语调平稳中带着深情与思考，给人一种踏实可靠的感觉，非常适合演绎情感类旁白或成熟稳重的男性角色。
擎苍,逗哥热门音色/音色-逗卷卷.mp3,男,中年,38岁,适中,配音+旁白,磁性|厚重|质感|成熟|坚毅|稳重|叙述感|中低音,正义警官、纪录片解说、成熟大叔、军官、商业领袖,声音质感厚重且极具磁性，带有一种历经沧桑的成熟魅力和坚毅感。咬字清晰有力，沉稳中透着亲切，非常适合演绎成熟稳重的正面角色或担任深情的叙述旁白。
清澜,逗哥热门音色/音色-逗欣研.mp3,女,青年,27岁,适中,配音+旁白,知性|温婉|清晰|亲切|自然|端庄|柔和|悦耳,新闻播音员、智能助手、知性大姐姐、纪录片解说、有声书旁白,声音温婉知性，发音字正腔圆，语调平稳且带有自然的亲切感。既有职业播音的专业素养，又不失柔和的温度，非常适合资讯播报、有声阅读及智能客服等场景。
沉砚,逗哥热门音色/小忧伤-逗叔君.mp3,男,中年,38岁,较慢,配音+旁白,低沉|磁性|忧郁|深情|沧桑|稳重|叙述感|内敛,失意文人、深情男主、回忆叙述者、隐世高人、孤独守望者,低沉且略带颗粒感的中年男声，语气中透着一丝不易察觉的忧郁与深情，叙述节奏舒缓，仿佛在讲述一段尘封已久的往事，非常适合演绎内心戏丰富或带有回忆色彩的场景。
言瑾·温润男,逗哥热门音色/音色- 逗清和.mp3,男,青年,28岁,适中,配音+旁白,温润|清澈|磁性|亲切|自然|舒缓|知性|治愈,暖男学长、电台主播、情感博主、纪录片旁白、有声书主角,清澈温润的青年男声，既有年轻人的朝气又不失成熟的稳重感。语调舒缓自然，带有淡淡的笑意和亲和力，非常适合情感类电台、治愈系广告或有声小说中温暖深情的男主角。
亦凡,逗哥热门音色/音色- 逗书白.mp3,男,青年,27岁,适中,配音+旁白,清亮|温润|亲切|阳光|现代|自信|柔和|磁性|治愈|知性,暖男、青年才俊、电台DJ、纪录片解说、男二号,声音清亮温润，透着一股年轻的朝气与自信。语调自然流畅，没有过多的距离感，像是一个亲切的学长或邻家大哥哥在耳边低语，非常适合演绎现代都市情感剧或具有治愈感的旁白。
亦轩,逗哥热门音色/紧张-逗叔君.mp3,男,青年,23岁,较快,配音,清亮|少年感|紧张|青涩|真实|急促|活力|现代,参赛选手、实习生、年轻学子、电竞少年、初入职场新人,声音清亮且带有明显的青涩感，语速因紧张略显急促，气息有些不稳，非常真实地还原了初出茅庐的年轻人在关键时刻的忐忑心情。
言博,逗哥热门音色/逗劲翔.mp3,男,青年,27岁,适中,配音+旁白,清亮|温润|知性|磁性|亲切|阳光|自信|现代感,青年才俊、科技解说、纪录片旁白、暖男、职场精英,声音清亮温润，既有年轻人的阳光自信，又带有一丝沉稳的知性气质。语调亲切自然，非常适合演绎现代职场青年、科技产品介绍或具有人文关怀的旁白解说。
凌峰,逗哥热门音色/云浩宇（影视模式.mp3,男,青年,28岁,适中,配音+旁白,清朗|磁性|温暖|自信|现代|真诚|舒适|明亮|悦耳,青年才俊、科技新贵、男主角、主持人、热心学长,清亮且具有一定磁性的青年男声，发音清晰标准，语调中透着一种温暖与自信。既适合演绎现代剧中的男主角，也适合作为科技产品、纪录片的解说旁白。
花音,逗哥热门音色/日语-静美.mp3,女,青年,22岁,适中,配音,日语|元气|倔强|坚定|少女感|清亮|鼓励|热血|动漫,热血少女、校园女主角、女战士、追梦者、魔法少女,清亮且富有穿透力的日语少女音，语气中带有一种不服输的倔强与坚定感。虽然声音略带一丝急切，但充满鼓励人心的正能量，非常适合演绎在逆境中成长、永不言弃的热血动漫女主
言瑾·知心暖,逗哥热门音色/音色- 逗青阳.mp3,男,青年,28岁,适中,配音+旁白,温暖|清朗|磁性|亲切|舒适|现代|治愈|知性|柔和,暖男学长、情感博主、现代剧男主、有声书旁白、电台DJ,温暖而富有磁性的青年男声，语调自然舒展，带有一种如沐春风的亲切感。声音干净清朗，既有年轻人的活力，又有成熟的稳重，非常适合演绎都市情感剧中的暖男角色或治愈系内容
致远,逗哥热门音色/音色-   逗超褚.mp3,男,青年,28岁,适中,配音+旁白,清晰|温润|磁性|平和|亲切|自然|标准|舒适,新闻主播、知识博主、暖男、青年教师、系统解说,声音清朗温润，如同初春的暖阳，咬字清晰且带有适度的磁性。语气平和自然，既没有过度的压迫感，也不失稳重，非常适合作为资讯播报、有声读物旁白或亲切的解说角色。
诡语,逗哥热门音色/逗子涵.mp3,男,青年,28岁,适中,旁白,讲述感|悬疑|冷静|清晰|抓耳|磁性|节奏感|引人入胜,电影解说员、悬疑有声书旁白、侦探推理独白、犯罪实录讲述者,声音冷静而富有穿透力，自带一种探秘的讲述感，语调平稳中暗藏起伏，极好地把控着悬疑氛围的推进，非常适合悬疑惊悚类内容的解说与旁白。
傲娇大小姐,逗哥热门音色/逗妮可.mp3,女,青年,22岁,较快,配音,傲娇|任性|刁蛮|清亮|不耐烦|大小姐|吐槽|娇纵|生活化,富家千金、刁蛮女友、反派女二、傲娇妹妹、吐槽役,声音清脆明亮，带着明显的娇纵感和不耐烦情绪，语调上扬且富有戏剧性，结尾的轻哼充满傲娇气息，极适合演绎性格刁蛮、任性的富家千金或傲娇女友角色。
智恒,逗哥热门音色/音色-标男-艾达.mp3,男,青年,28岁,适中,配音+旁白,清晰|标准|理性|温和|现代|AI感|沉稳|亲切,智能助手、新闻播报、解说员、科技产品介绍、系统提示音,声音清晰标准，带有明显的现代感和理性特质，语气平稳温和，适合作为智能语音助手、科技类解说或标准化的系统提示音。
幻影,逗哥热门音色/逗明轩‌.mp3,男,青年,28岁,适中,旁白,悬疑|紧凑|冷静|磁性|叙述感|神秘|抓耳|清晰,悬疑片解说、侦探独白、科技新闻播报、纪录片旁白、游戏引导员,声音冷静而富有磁性，带有一种客观叙述的疏离感，语调紧凑且清晰，非常适合用于悬疑电影解说、科技感强的旁白或需要营造神秘氛围的场景。
云溪,逗哥热门音色/音色-逗依秋.mp3,女,青年,24岁,适中,配音+旁白,甜美|亲切|清晰|标准|温柔|明亮|知性|治愈|客气,AI助手、客服、导游、新闻主播、有声书旁白,声音甜美清晰，带有标准的播音腔调，语气亲切自然但具有一定的机械工整感。音色明亮且富有亲和力，非常适合用于智能客服、解说旁白或有声读物。
言信,逗哥热门音色/音色-逗浩泽.mp3,男,青年,28岁,适中,配音+旁白,温润|清澈|磁性|亲切|标准|理性|自然|诚恳|知性,新闻主播、知识博主、青年才俊、AI助手、纪录片旁白,声音清澈温润，具有一种天然的信赖感和亲切感，咬字清晰标准，既没有过度的情感渲染，也不失温度，非常适合资讯播报、有声书朗读或作为智能助手的标准男声。
晓涵,逗哥热门音色/音色-逗星辰.mp3,女,青年,26岁,适中,配音+旁白,清亮|温柔|知性|亲切|自然|明快|甜美|干练|悦耳,都市白领、新闻主播、客服人员、邻家姐姐、纪录片解说,声音清亮悦耳，兼具温柔与知性的气质，咬字清晰自然，带有一种令人舒适的亲切感。适合演绎都市职场女性角色，或作为具有亲和力的旁白解说。
翰墨,逗哥热门音色/音色-逗达叔.mp3,男,青年,33岁,较快,配音+旁白,磁性|明亮|专业|干练|自信|标准|商务|有质感,新闻主播、知识博主、科技解说、职场精英、系统引导音,声音明亮且富有质感的青年男声，发音清晰标准，语速流畅干练，带有一种专业的商务感和自信的亲和力，非常适合资讯播报、科技解说或职场精英类角色。
悦铃,逗哥热门音色/音色-  云静芳.mp3,女,青年,22岁,适中,配音+旁白,清脆|甜美|活力|明亮|亲切|元气|自然|灵动,智能助手、邻家少女、游戏向导、现代职场新人、校园女主,声音清脆甜美，如同风铃般悦耳，带有一种充满活力的元气感。语调自然亲切，既适合作为智能助手的交互语音，也适合演绎性格活泼、开朗的年轻女性角色。
锦书,逗哥热门音色/云小馨.mp3,女,青年,28岁,适中,配音+旁白,端庄|知性|清晰|柔和|稳重|叙述感|亲切|自然|温婉,新闻主播、AI助手、纪录片旁白、职场女性、知心姐姐,声音清晰且富有质感，透着一种端庄知性的气质，既没有过分的甜腻，也不失亲切感。语调平稳流畅，咬字精准，非常适合作为资讯播报、智能助手语音或展现专业素养的职场女性角
芯悦·逗哥妹,逗哥热门音色/音色-  逗哥妹.mp3,女,青年,25岁,适中,配音+旁白,清亮|亲切|温柔|自然|知性|活力|悦耳|合成感,客服助理、有声书旁白、新闻播报员、智能管家、邻家姐姐,声音清亮柔和，语调亲切自然，带有一种标准的播音腔感，非常适合用于智能客服、有声读物旁白或亲切的邻家角色配音。
言峥,逗哥热门音色/逗俊辉.mp3,男,青年,27岁,适中,配音+旁白,清亮|温润|知性|爽朗|现代|亲切|朝气|自信|清晰,青年才俊、新闻主播、职场精英、热血男主、科技解说,清亮且富有朝气的青年男声，音质干净无杂质，咬字清晰且带有自然的亲切感。声音既有现代都市的时尚感，又具备知性的稳重气质，非常适合演绎职场青年或进行科技类旁白解说。
镇岳,逗哥热门音色/音色-  逗腔腔.mp3,男,中年,38岁,适中,配音+旁白,浑厚|磁性|稳重|威严|深沉|粗犷|坚毅|阳刚,将军、硬汉、大侠、黑帮老大、豪爽大叔,声音浑厚有力，自带一种粗犷而坚毅的磁性，如同山岳般沉稳。语气中透着威严与豪迈，非常适合演绎性格刚烈、气场强大的硬汉或领袖角色。
亦暖,逗哥热门音色/逗之秋.mp3,男,青年,27岁,较慢,配音+旁白,温暖|治愈|柔和|磁性|深情|感性|文艺|清澈|舒缓,电台主播、深情男二、纪录片解说、暖男、文艺青年,温暖而富有磁性的青年男声，语调柔和舒缓，如同春日暖阳般抚慰人心。自带一种文艺与治愈的气质，非常适合情感类电台、文艺电影旁白或深情守护的角色。
悦心,逗哥热门音色/音色-逗语彤.mp3,女,青年,23岁,较快,配音+旁白,甜美|明亮|轻快|活泼|亲切|元气|活力|清新|现代,职场新人、邻家少女、短视频主播、时尚博主、都市白领,声音甜美且富有活力，语调轻快明亮，如同春日阳光般充满朝气。具有很强的亲和力和现代感，非常适合演绎年轻活泼的女性角色或作为轻松时尚类的短视频旁白。
玄清,逗哥热门音色/音色-逗姥爷.mp3,男,老年,68岁,较慢,配音+旁白,沧桑|沙哑|慈祥|深沉|阅历|老态|故事感|古朴,老爷爷、智慧长者、隐士高人、旁白解说、历史见证者,苍老沙哑的男性嗓音，语调中透着岁月的痕迹与深沉的阅历感。声音略显粗糙但充满故事性，适合演绎充满智慧的长老、和蔼的祖父或历史纪录片的旁白。
凌霜,逗哥热门音色/逗月辰.mp3,女,青年,27岁,较快,配音+旁白,干练|御姐|悬疑|冷艳|紧凑|戏剧性|讲述感|现代,新闻女主播、悬疑剧旁白、职场女强人、复仇剧女主、解说员,声音干练且具有极强的穿透力，语调紧凑，带有明显的悬疑感和讲述欲。这种冷艳御姐音非常适合短视频解说、大女主复仇剧旁白或职场女强人角色。
言初,逗哥热门音色/音色-   逗超岚.mp3,男,青年,28岁,适中,配音+旁白,温暖|清晰|亲切|阳光|治愈|磁性|标准|舒适,暖男学长、电台主播、初恋男友、解说员、智能助手,声音清澈温暖，带有恰到好处的磁性和阳光感，语调平稳且富有亲和力。适合演绎温柔的邻家哥哥、深情的独白，或作为让人感到放松舒适的有声书旁白。
旅尘,逗哥热门音色/轻松-逗叔君.mp3,男,中年,38岁,适中,旁白,沧桑|故事感|磁性|深沉|文艺|孤独|稳重|叙述,旅行博主、纪录片旁白、失意中年、独行侠、情感电台主播,充满故事感的中年男声，音色深沉且略带沧桑的颗粒感，如同久经风霜的行者，非常适合演绎旅行随笔、心情独白或纪录片旁白。
言深,逗哥热门音色/逗南消.mp3,男,青年,28岁,适中,配音+旁白,磁性|冷静|叙述感|知性|沉稳|理性|故事感|清晰,纪录片旁白、悬疑解说、青年才俊、新闻播报、科普博主,冷静而富有磁性的青年男声，咬字清晰且带有强烈的叙述感，语调平和中透着一丝理性的光辉，非常适合作为纪录片、科普类视频或悬疑解说的主讲人。
星烁,逗哥热门音色/音色-云浩宇.mp3,男,青年,23岁,适中,配音+旁白,清亮|阳光|爽朗|活力|友善|干净|自信|现代|亲切,热血少年、大学生、现代都市男主、游戏解说、系统向导,声音清亮干净，充满朝气蓬勃的少年感与活力，语气自然且极具亲和力，适合演绎阳光开朗的年轻主角或富有激情的现代题材旁白。
亦成,逗哥热门音色/逗润年.mp3,男,青年,28岁,适中,旁白,清亮|叙述感|温润|理性|治愈|知性|平和|流畅,电影解说、纪录片旁白、情感电台主播、知识博主、有声书叙述者,声音清亮温润，具有很强的叙述感和流畅度，语气平和且富有逻辑性，能够清晰地传达故事背景与情感，非常适合作为电影解说或情感类文章的旁白。
言煦,逗哥热门音色/音色- 逗欢伯.mp3,男,青年,27岁,适中,配音+旁白,清朗|温润|磁性|阳光|亲和|标准|舒缓|现代|知性,暖男学长、职场新人、电台主播、邻家哥哥、纪录片解说,温暖而清朗的青年男声，如同春日暖阳般令人舒适。音质干净无杂质，语气亲切自然，既适合演绎深情款款的现代剧男主，也能胜任轻松愉悦的广告旁白或有声书讲述。
言瑾·沉稳,逗哥热门音色/音色-  逗震震.mp3,男,青年,28岁,适中,配音+旁白,低沉|磁性|稳重|温和|成熟|知性|叙述感|亲切,新闻主播、深情男主、职场精英、记录片旁白、可靠学长,声音低沉且富有磁性，带有一种稳重而温和的叙述感，听感舒适自然，非常适合用于情感独白、新闻播报或展现成熟魅力的男性角色。
影随,逗哥热门音色/故事-逗叔君.mp3,男,青年,27岁,适中,旁白,冷静|叙述感|微磁|平稳|客观|自然|清晰|理性,纪录片旁白、悬疑剧解说、有声书讲述者、新闻播报员,声音冷静且带有叙述感，音质干净微磁，如同旁观者般客观陈述，语调平稳流畅，非常适合纪录片解说或悬疑故事的旁白。
亦衡,逗哥热门音色/音色-   逗天麟.mp3,男,青年,26岁,适中,配音+旁白,清晰|阳光|明朗|亲切|自然|温和|正直|朝气,青年才俊、热血记者、科技解说、邻家大哥、新手律师,声音清晰明朗，带有自然的亲切感和朝气，语调中正平和，既适合演绎富有正义感的青年角色，也适合作为科技产品或日常资讯的解说旁白。
敏珠,逗哥热门音色/翠萍东北妞.mp3,女,青年,27岁,较快,旁白,八卦|吐槽|明亮|干练|接地气|吃瓜|爽朗|活泼,娱乐博主、综艺旁白、吃瓜群众、闺蜜、现代都市剧配角,声音明亮且富有穿透力，语调中带着明显的“吃瓜”和吐槽意味，节奏轻快干练，像是一位正在热衷于分享八卦的闺蜜或娱乐解说博主，非常适合解说类短视频或综艺旁白。
雅文,逗哥热门音色/逗若雪.mp3,女,中年,40岁,适中,配音+旁白,知性|温婉|成熟|优雅|有故事感|沉稳|亲切|叙述感,都市女强人、知性母亲、纪录片旁白、情感电台主播、文艺片女主,声音温婉知性，透着成熟女性的优雅与从容，语调平稳且富有叙述感，如同老友般娓娓道来，非常适合演绎有生活阅历的女性角色或情感类旁白。
悦聆,逗哥热门音色/音色-  东北-强势.mp3,女,青年,26岁,适中,配音+旁白,清晰|亲切|标准|明亮|柔和|知性|干练|商务|温婉,智能助手、新闻主播、客服人员、有声书旁白、企业宣传员,声音清晰明亮，发音标准且富有亲和力，语调平稳流畅，既有职业女性的干练感，又不失温婉知性的气质，非常适合各类解说与交互场景。
亦宁,逗哥热门音色/音色- 逗楚灵.mp3,女,青年,27岁,适中,配音+旁白,知性|温婉|清晰|端庄|亲切|柔和|信赖感|职业,新闻主播、智能助手、知性大姐姐、职场女性、解说员,声音温润如玉，兼具知性与亲切感，咬字清晰标准，语调平稳流畅。既适合作为智能助手的交互语音，也适合演绎职场中干练温柔的女性角色或有声读物的旁白。
言舒,逗哥热门音色/逗芷若.mp3,女,青年,26岁,较慢,配音+旁白,知性|温柔|清冷|文艺|叙述感|舒缓|沉静|细腻|略带忧郁,文艺片旁白、情感电台主播、知性女作家、回忆中的白月光、纪录片解说,清冷而温柔的青年女声，音色干净且富有叙述感，如同深夜的低语，自带一种文艺与淡淡的忧郁气质。非常适合演绎情感类旁白、文艺电影解说或内心独白场景。
玄震,逗哥热门音色/音色- 逗天幕.mp3,男,中年,38岁,适中,配音+旁白,磁性|沉稳|中正|温厚|端庄|叙事感|平和|可靠,新闻主播、纪录片解说、系统播报、中年导师、正派侠客,声音中正平和，带有温厚的磁性与沉稳的气质，没有过多的情绪起伏但极具信服力。适合各类正式的播报、解说旁白，或性格稳重的正派男性角色。
萌小团,逗哥热门音色/逗松言.mp3,女,少年,16岁,适中,配音,少女音|傲娇|软萌|稚嫩|元气|清脆|情绪化|任性,叛逆学妹、傲娇萝莉、游戏陪玩、腹黑少女、任性千金,声音清脆稚嫩，带有一种软糯的少女感和轻微的傲娇情绪。咬字清晰但带有撒娇的尾音，听感活泼且富有辨识度，非常适合演绎校园题材中的叛逆学妹或二次元傲娇角色。
言诺,逗哥热门音色/音色- 逗哥弟.mp3,男,青年,26岁,适中,配音+旁白,清朗|温润|自然|磁性|阳光|亲切|现代|诚恳,AI助手、新闻播报、产品介绍、邻家哥哥、知识科普,声音清朗温润，带有一种自然的亲切感和轻微的磁性，发音标准且富有现代感，非常适合作为智能助手的交互语音或生活类内容的旁白。
言策,逗哥热门音色/轻蔑-逗叔君.mp3,男,中年,38岁,适中,配音,圆滑|世故|透彻|精明|市井|微哑|讲故事|中气足,管家、师爷、说书人、精明商人、情报贩子,声音听起来带有一种老江湖的圆滑与世故，语气中透露出对局势的洞若观火，略带一丝微哑的质感，非常适合演绎那些深谙世事、精明算计的配角或说书人类角色。
亦扬,逗哥热门音色/逗报声.mp3,男,青年,28岁,适中,旁白,清亮|讲述感|活力|热血|现代|自信|干练|励志|积极,体育解说、纪录片旁白、励志短片主角、电竞选手、职场精英,声音清亮且富有现代感，咬字清晰，语气中带有一种自然的活力与讲述感。适合用于体育赛事回顾、励志故事解说或展现年轻人拼搏精神的场景。
言辞,逗哥热门音色/新云浩宇.mp3,男,青年,26岁,适中,配音+旁白,清亮|温润|标准|亲切|阳光|书卷气|自然|磁性,青年才俊、温柔学长、纪录片旁白、系统提示音、初入职场主角,声音清亮温润，吐字清晰标准，带有一种自然的亲和力与书卷气。语调平稳舒适，非常适合作为有声读物旁白或具有现代感的青年角色配音。
言瑾·新闻男,逗哥热门音色/逗宇航.mp3,男,青年,30岁,适中,配音+旁白,字正腔圆|专业|振奋|昂扬|清晰|干练|正式|积极,新闻主播、体育解说、晚会主持、官方发言人、正能量宣讲,声音字正腔圆，语调昂扬且充满激情，具有极高的专业度与正式感，咬字清晰干练，非常适合播报新闻快讯、体育赛事结果或正能量宣传片旁白。
亦尘,逗哥热门音色/音色-   逗铁溜.mp3,男,青年,28岁,适中,配音+旁白,清朗|温润|自然|亲切|阳光|书卷气|真诚|现代,暖男、职场新人、电台主持、青年教师、现代剧男主,声音清朗温润，听感如春风拂面，既有青年人的朝气又不失稳重，语调自然真诚，极具亲和力，适合演绎温暖治愈或现代职场类的角色。
亦欣,逗哥热门音色/音色-   逗微瑕.mp3,女,青年,26岁,适中,配音+旁白,明亮|亲切|知性|温柔|清晰|现代|大方|活力|干练,客服导购、新闻主播、都市白领、解说员、活动主持,声音明亮且富有现代感，发音清晰标准，带有一种职业化的亲切与热情。语调平稳自然，既适合作为资讯类内容的旁白解说，也适合演绎都市职场女性或智能助手的角色。
言瑾·新闻播,逗哥热门音色/音色-   逗上峰.mp3,男,青年,28岁,适中,配音+旁白,端正|磁性|明亮|专业|正式|清晰|播音腔|亲切,新闻主播、电台主持人、企业宣传片旁白、系统提示音、科普解说员,声音明亮且富有磁性的青年男声，带有明显的专业播音腔调，咬字清晰，语气端正亲切，如同早间新闻的主播，适合各类需要传达专业感与信赖感的场景。
言叙·宇宁,逗哥热门音色/逗宇宁.mp3,男,中年,38岁,适中,旁白,温和|深情|磁性|叙述|稳重|故事感|知性|治愈,纪录片旁白、有声书讲述者、深情男主内心独白、电台主播、回忆录朗读者,声音温润而有厚度，充满磁性和故事感，讲述时情感内敛而深沉，如同在静静诉说一段往事，非常适合解说情感类纪录片、有声小说或电影解说。
如烟,逗哥热门音色/音色-  主妇-淑娟.mp3,女,青年,28岁,适中,配音+旁白,温柔|知性|成熟|优雅|从容|亲切|舒缓|御姐音|暖心,温柔姐姐、知性导师、情感电台主播、贤惠妻子、优雅白领,温柔知性的成熟女声，音色优雅从容，语调舒缓且带有亲切感，既有成熟女性的稳重，又不失温暖的关怀气息，非常适合情感类旁白或温柔体贴的角色。
言舒·知性姐,逗哥热门音色/逗轻语.mp3,女,中年,38岁,适中,旁白,知性|舒缓|成熟|温婉|讲述感|优雅|沉稳|亲切,情感电台主播、纪录片解说、知性母亲、文化访谈主持人、有声书讲述者,声音温婉知性，透着成熟女性的优雅与沉稳，语调舒缓而富有讲述感，非常适合作为情感类、文化类节目的旁白或解说。
言煦·文杰,逗哥热门音色/音色- 逗文杰.mp3,男,青年,22岁,适中,配音+旁白,清朗|温润|少年感|干净|亲切|阳光|柔和|治愈,暖男学长、邻家哥哥、治愈系男主、热血少年、年轻书生,清朗干净的年轻男声，透着如春日阳光般的温暖与亲切感，声线温润不带攻击性，非常适合演绎校园剧中的温柔学长或现代剧中的治愈系男主。
亦辉,逗哥热门音色/音色-  港男阅港.mp3,男,青年,28岁,适中,配音+旁白,粤语腔|磁性|温和|亲切|儒雅|港风|生活化|柔和,香港警察、TVB男主角、深情男配、美食博主、都市白领,带有明显粤语口音或韵味的青年男声，音色磁性温和，语调中透着一种特有的港式儒雅与亲切感，非常适合演绎TVB风格剧集、港风广告或都市情感类旁白。
韵华,逗哥热门音色/逗嬷嬷.mp3,女,老年,65岁,适中,配音+旁白,慈祥|端庄|稳重|温和|和蔼|亲切|长辈|典雅,太后、老夫人、祖母、旁白叙述者、老年贵族,端庄沉稳的老年女性嗓音，语调平缓且富有涵养，透着岁月的沉淀与慈祥感。适合演绎大家族中的长辈、太后等权威且和蔼的角色，或作为充满故事感的叙述旁白。
言溪,逗哥热门音色/音色- 逗正言.mp3,男,青年,22岁,适中,配音+旁白,清澈|温柔|阳光|邻家|纯净|少年感|暖男|亲切,校园男神、邻家哥哥、温柔学长、治愈系男主、情感电台主播,干净清澈的青年男声，带有明显的少年感与温暖气息，语气亲切自然，仿佛夏日溪水般令人舒心，非常适合演绎校园题材的男主角或治愈系的有声读物。
博闻,逗哥热门音色/音色-逗智宸.mp3,男,中年,45岁,适中,旁白,浑厚|磁性|稳重|讲述感|亲切|传统|说书风|沉稳|中气十足,说书人、纪录片旁白、老管家、教书先生、历史解说,浑厚且富有磁性的中年男声，语调稳重而带有浓郁的讲述感，类似于传统评书或经典广播的风格，非常适合作为历史类解说或故事旁白。
疯厨,逗哥热门音色/美英Magician男.mp3,男,中年,38岁,较快,配音,高亢|沙哑|怪诞|夸张|神经质|自信|激情|尖锐,疯狂科学家、古怪发明家、神经质反派、地精、小丑,音色尖锐高亢且带有独特的沙哑颗粒感，语气充满戏剧性的起伏与夸张的情绪，极具辨识度。适合演绎那些性格乖张、情绪不稳定或带有疯狂特质的怪诞角色。
言诚·深情男,逗哥热门音色/音色-   逗超腾.mp3,男,青年,28岁,适中,配音+旁白,深情|磁性|温柔|稳重|亲切|清晰|治愈|悦耳,暖男学长、深情男主、电台DJ、纪录片旁白、温柔男友,音色磁性温暖，语气中自带一种深情与诚恳，咬字清晰且富有感染力，非常适合演绎情感类剧情中的温柔男主或作为治愈系内容的旁白。
婉柔,逗哥热门音色/云小馨（影视模式）.mp3,女,青年,26岁,适中,配音+旁白,知性|温柔|清晰|端庄|亲切|平稳|舒缓|优雅,都市白领、新闻主播、智能客服、知心姐姐、解说员,声音温柔清晰，透着一股知性与端庄的气质，发音标准且语调平稳舒缓。既有亲和力又不失专业感，非常适合担任资讯播报、有声读物旁白或都市剧中的温柔女性角色。
亦鸣,逗哥热门音色/音色-  摆摊君-俊.mp3,男,青年,28岁,较快,配音+旁白,明亮|清脆|高亢|热情|活力|干练|自信|阳光|积极,热血青年、游戏解说、系统提示音、年轻勇者、带货主播,声音明亮清脆，带有一种高亢的金属质感和明显的穿透力。语调上扬充满活力与热情，非常适合演绎热血动漫主角、充满干劲的年轻职员或需要调动气氛的广告旁白。
言颂,逗哥热门音色/音色-逗比特.mp3,男,青年,27岁,适中,配音+旁白,温润|清亮|磁性|亲切|儒雅|现代|知性|平和,新闻主播、知识博主、青年才俊、深情男二、文艺旁白,清亮且富有磁性的青年男声，音色干净温润，语调平稳自然，透着一股知性与亲切感，非常适合新闻播报、知识讲解或现代剧中性格温和的男性角色。
言守,影视角色/钟离.mp3,男,青年,26岁,适中,配音,清冷|正直|坚定|严肃|磁性|正经|契约|忠诚|温润,仙侠男主、守序骑士、忠诚护卫、冷面神君、正派大弟子,声音清冷且具有金属质感的青年男声，语气中透露出一种不容置疑的坚定与正直感。吐字清晰有力，带着一种恪守规则的严肃，非常适合演绎重视承诺、性格沉稳的契约者或正派守护
星仔,影视角色/周星星.mp3,男,青年,26岁,较快,配音,搞怪|无厘头|诙谐|夸张|活力|市井|机灵|辨识度高,韦小宝、至尊宝、滑头小弟、搞笑配角、市井无赖、喜剧主角,极具标志性的无厘头青年男声，语调夸张且充满戏剧张力，带有鲜明的市井气息和喜剧节奏感，非常适合演绎机灵古怪、油嘴滑舌或具有讽刺意味的喜剧角色。
杠精,影视角色/激情熊大.mp3,男,青年,26岁,较快,配音,贱萌|戏谑|讽刺|夸张|活力|搞怪|反转|欠揍|毒舌,搞笑博主、反派小跟班、杠精网友、损友、喜剧角色,声音充满戏谑与夸张感，语调上扬且带有明显的“欠揍”属性，擅长一本正经地胡说八道或输出扎心语录，极具喜剧效果和病毒传播力。
凤仪,影视角色/武则天.mp3,女,青年,28岁,适中,配音,御姐|霸气|高傲|清冷|坚定|威严|飒爽|英气,女帝、女将军、掌门、大女主、贵妃,声音属于极具气场的御姐音，音色高亢且带有坚定的力量感。语气中透着一股不容置疑的傲气与威严，非常适合演绎权倾朝野的女帝、性格刚烈的女将军或修仙门派中的高冷掌门。
憨大头,影视角色/派大星.mp3,男,青年,22岁,适中,配音,憨厚|粗线条|搞笑|夸张|呆萌|冲动|耿直|市井,猪八戒、搞笑小弟、憨厚壮汉、热血笨蛋、喜剧配角,声音听起来憨厚中带着一种粗线条的幽默感，语气充满戏剧性的夸张和无奈，音质浑厚但略带沙哑，非常适合演绎动画或游戏中那些四肢发达、头脑简单的搞笑担当角色。
亦云,影视角色/敖丙.mp3,男,青年,22岁,适中,配音+旁白,清冷|少年感|倔强|坚定|孤傲|清澈|磁性|内敛|深情,修仙弟子、悲情男主、清冷剑客、被误解的少年、年轻刺客,音色清澈且略带冷感的青年男声，语调中透着一股不屈的倔强与孤傲，情感内敛却充满张力，非常适合演绎身世坎坷、内心坚定的少年英雄或悲情角色。
萌宝,影视角色/樱桃小丸子.mp3,女,儿童,5岁,适中,配音,稚嫩|可爱|清脆|天真|活泼|奶声奶气|元气|萌系,幼儿园小朋友、主角童年、宠物拟人、精灵、系统向导,稚嫩清脆的小女孩声音，奶声奶气中透着天真与活力，咬字清晰但带有儿童特有的圆润感，非常适合演绎可爱的幼童或萌宠角色。
佩奇,影视角色/逗佩奇.mp3,女,儿童,5岁,适中,配音,可爱|稚嫩|活泼|俏皮|清脆|欢快|纯真|元气,小猪佩奇、幼儿园小朋友、顽皮妹妹、卡通动物主角、小女孩,声音非常稚嫩可爱，带着明显的卡通腔调，语调上扬充满欢快气息，完美还原了小猪佩奇的经典声线，适合演绎活泼好动的小动物或天真烂漫的小女孩角色。
慈安,影视角色/龙婆.mp3,女,老年,75岁,较慢,配音+旁白,苍老|慈祥|沙哑|颤抖|沧桑|深沉|怀旧|故事感,太后、老祖宗、乞婆、巫医、豪门老太君,极为苍老且充满岁月痕迹的女声，嗓音沙哑带着微微的颤抖，语调缓慢沉重，仿佛饱经风霜，极适合演绎深宫太后、家族老祖宗或讲述陈年旧事的旁白。
星澈,影视角色/小正太.mp3,男,少年,17岁,较慢,旁白,清澈|纯净|治愈|感性|温暖|稚嫩|真诚|叙述,校园男主、文艺青年、情感博主、小王子、暗恋者,声音清澈透亮，带有少年的纯真与一丝淡淡的忧伤，语调温柔舒缓，非常适合演绎青春伤痛文学的独白、治愈系情感短文或校园题材的内心戏。
狐魅,影视角色/八重神子.mp3,女,青年,26岁,适中,配音,御姐|魅惑|清冷|高傲|神秘|撩人|女王|自信,妖女、女反派、高冷女官、神秘祭司、御姐型上司,声音兼具高傲与魅惑，带着一种居高临下的掌控感，语调清冷中透着一丝撩人心弦的磁性，非常适合演绎身份尊贵、性格神秘或带有危险迷人气质的御姐角色。
小新,影视角色/模仿-蜡笔小新.mp3,男,儿童,5岁,较慢,配音,呆萌|搞怪|鼻音|稚嫩|调皮|慵懒|夸张|模仿,蜡笔小新、熊孩子、捣蛋鬼、吉祥物、搞笑萌宠,极具辨识度的模仿声线，带有标志性的浓重鼻音和拖长尾音，听感呆萌搞怪又带点无厘头，非常适合演绎调皮捣蛋的儿童角色或搞笑场景。
萌奇,影视角色/懒羊羊.mp3,女,儿童,6岁,较快,配音,稚嫩|可爱|活泼|俏皮|清亮|卡通|童真|元气,调皮小男孩、热血正太、精灵宠物、幼儿园小朋友、捣蛋鬼,清亮稚嫩的卡通童声，音调较高，语气中充满了天真与活力，带有明显的夸张感和戏剧性，非常适合演绎热血动画片中的小主角或调皮捣蛋的吉祥物。
辉哥,影视角色/渣渣灰.mp3,男,中年,45岁,较慢,配音,港普|魔性|洗脑|沙哑|接地气|幽默|辨识度高|粗犷,香港大佬、搞笑广告主角、过气英雄、江湖老哥、游戏代言人,极具辨识度的“港普”口音，发音含糊且带有标志性的咬字不清（如把“大扎好”读成“大家好”），声线略显沙哑和粗糙，自带一种魔性的幽默感和洗脑效果。
粉嘟,影视角色/佩奇.mp3,女,儿童,5岁,适中,配音,稚嫩|可爱|活泼|俏皮|清脆|欢快|童真|奶萌|元气,小猪佩奇、顽皮妹妹、幼儿园小朋友、魔法少女宠物、童话小精灵,清脆稚嫩的小女孩声音，带有满满的元气和童真，语调活泼欢快，非常适合演绎调皮可爱的小动物主角或充满好奇心的人类幼崽。
嘟嘟,影视角色/小灰灰.mp3,男,儿童,4岁,适中,配音,稚嫩|含糊|呆萌|奶声奶气|可爱|活泼|天真|淘气,熊孩子、小妖怪、幼儿园小朋友、宠物拟人、弟弟,奶声奶气的小男孩声音，咬字带着特有的稚嫩与含糊感，听起来呆萌又淘气。尾音上扬，充满了天真无邪的活力，极适合演绎那种闯了祸还一脸无辜的“熊孩子”或可爱萌宠。
猴哥,影视角色/齐天大圣.mp3,男,青年,25岁,较快,配音,尖细|高亢|顽皮|灵动|戏剧腔|活力|傲娇|京味|经典,孙悟空、猴子精、捣蛋鬼、江湖游侠、戏曲丑角,声音尖细高亢，模仿经典的孙悟空声线，语调起伏大且带有明显的戏曲韵味，充满活力与顽皮感，非常适合演绎机灵、搞怪或具有英雄主义色彩的角色。
绯月,影视角色/胡桃.mp3,女,少年,16岁,较快,配音,古灵精怪|俏皮|活泼|灵动|高音|元气|搞怪|清亮,鬼马少女、傲娇千金、二次元妹妹、捣蛋鬼、魔法少女,声音清脆明亮，带有鲜明的俏皮感和节奏感，语调上扬充满元气，如同古灵精怪的邻家少女，非常适合演绎性格活泼、思维跳跃或带有捉弄意味的二次元角色。
云沧,影视角色/杰大大.mp3,男,中年,45岁,适中,配音+旁白,浑厚|沧桑|大气|豪迈|古风|磁性|讲古|史诗感,说书人、江湖侠客、武林盟主、历史解说、隐世高人,浑厚沧桑的中年男声，语调大气豪迈，自带江湖风云的叙事感，非常适合演绎武侠剧中的旁白、说书人或历经沧桑的隐世高手。
凄霜,影视角色/红太狼.mp3,女,青年,26岁,适中,配音,哭腔|悲愤|哀怨|尖锐|颤抖|凄惨|绝望|歇斯底里|戏剧性|情感爆发,被抛弃的怨妇、受委屈的妃子、苦情戏女主、因爱生恨的女配、崩溃的受害者,声音尖锐且充满极度悲愤的情绪，哭腔浓重，字字泣血，带有强烈的指责感和绝望感，非常适合演绎宫斗剧中失宠发疯的妃子或苦情戏中遭受巨大打击的女性角色。
乐淘,影视角色/班尼特.mp3,男,少年,12岁,较快,配音,活力|清脆|顽皮|好奇|稚嫩|爽朗|活泼|灵动,热血少年、小跟班、调皮学生、冒险伙伴、邻家弟弟,充满朝气与活力的少年音色，语调轻快上扬，带有明显的好奇心和一丝顽皮感，非常适合演绎热血动漫中的小主角或冒险故事里活泼开朗的小伙伴。
戏韵,影视角色/逗喊麦.mp3,男,中年,48岁,适中,配音,戏腔|夸张|滑稽|高亢|洪亮|韵味|江湖|说书,说书人、江湖骗子、戏班班主、滑稽小丑、店小二,带有浓厚戏曲韵味和夸张感的中年男声，语调高亢且抑扬顿挫，如同舞台上的丑角或说书人，非常适合演绎古代市井人物或带有喜剧色彩的江湖角色。
海绵,影视角色/海绵宝宝.mp3,男,青年,23岁,较快,配音,高亢|搞怪|夸张|尖锐|活泼|喜剧|魔性|特色,海绵宝宝、倒霉蛋、喜剧丑角、跟班小弟、话痨精灵,声音尖锐高亢，带有明显的鼻音和夸张的喜剧色彩，模仿了经典卡通角色的声线，充满童真与神经质的活力，非常适合搞笑动漫或喜剧场景。
天蓬,影视角色/八戒.mp3,男,中年,35岁,适中,配音,滑稽|憨厚|粗犷|抱怨|生活化|喜感|慵懒|油滑,猪八戒、贪吃随从、懒汉、市井无赖、滑稽配角,声音粗犷中透着滑稽，带有明显的憨厚感和油滑腔调。语气中充满抱怨和慵懒，极具辨识度和喜感，非常适合演绎贪吃懒做的喜剧角色或市井小人物。
灵犀,影视角色/喜羊羊.mp3,女,青年,16岁,适中,配音,清亮|傲娇|急切|少女感|灵动|倔强|辩解|情绪化,仙侠小师妹、被冤枉的少女、富家千金、古灵精怪的徒弟、江湖侠女,清亮且富有穿透力的少女音色，带着明显的傲娇和急切感。在被误解时展现出倔强与不甘，语气中充满情绪张力，非常适合演绎性格直爽、正在为自己辩白或受委屈的年轻女性角色。
彪子,影视角色/熊小二.mp3,男,青年,26岁,较快,配音,方言|痞气|搞笑|直爽|急躁|接地气|粗犷|反转,街头混混、搞笑反派、仗义兄弟、暴躁路人、市井小贩,带有浓重方言口音的青年男声，语气中充满了虚张声势的痞气和急躁感。声音虽装作凶狠，但透着一股莫名的喜感和憨直，非常适合演绎那种看似霸道实则心软或搞笑的市井小人物。
凛音,影视角色/刻晴.mp3,女,青年,22岁,适中,配音,高冷|清冷|坚定|御姐|飒爽|锐利|英气|战斗,女剑客、冷面杀手、特工、仙侠师姐、高冷女战神,声音清冷且极具穿透力，带有明显的金属质感和锋锐之气，语气坚定果决，毫无拖泥带水，非常适合演绎武艺高强、性格冷傲的战斗型御姐角色。
狂啸,影视角色/虾仁.mp3,男,青年,26岁,较快,配音,高亢|激昂|热血|中二|夸张|爆发力|沙雕|粗犷,热血漫主角、搞笑反派、电竞解说、帮派小弟、喊麦主播,声音高亢且充满爆发力，带有一种夸张的中二热血感，语气激昂顿挫，情绪饱满甚至略带疯狂，非常适合演绎需要调动气氛的搞笑视频或热血喊话场景。
亦史,影视角色/麦克阿瑟.mp3,男,中年,38岁,适中,旁白,浑厚|磁性|沉稳|叙述感|历史感|庄重|客观|深邃,纪录片旁白、新闻播音员、军事解说、博物馆导览、有声书讲述者,声音浑厚且富有磁性，语调沉稳庄重，自带一种客观冷静的历史叙述感。非常适合演绎历史纪录片、军事题材解说或需要深度与质感的旁白场景。
亦诚,影视角色/诸葛亮.mp3,男,青年,28岁,适中,配音,坚毅|激昂|正气|英武|赤诚|朗润|有力|古典,少年将军、侠客、义士、忠臣、热血男主,声音朗润且充满正气的青年男声，语调铿锵有力，情感饱满赤诚，透着一股英雄少年的豪情壮志，非常适合演绎历史剧中忠肝义胆的年轻将领或江湖侠客。
元气丸,影视角色/曼波.mp3,女,青年,23岁,较快,配音,活泼|元气|可爱|热情|明亮|清脆|亲切|俏皮|治愈,热心邻居、小精灵、活跃少女、游戏向导、宠物拟人,声音清脆明亮，充满了年轻的活力与热情，语调上扬且富有节奏感，带有一种让人心情愉悦的亲和力，非常适合演绎活泼开朗、充满正能量的引导型角色或可爱少女。
快嘴刘,影视角色/成熟熊大.mp3,男,青年,26岁,较快,配音+旁白,碎嘴|幽默|接地气|轻快|吐槽|活泼|邻家|戏谑|网感,游戏主播、市井青年、吐槽up主、八卦路人、搞笑小弟,充满生活气息的青年男声，语速较快且带有明显的吐槽和戏谑感，语气轻松随意，像是在和朋友闲聊抱怨，非常适合演绎接地气的搞笑角色或短视频吐槽旁白。
灰影,影视角色/灰太狼.mp3,男,青年,33岁,适中,配音,沙哑|诙谐|狡黠|抓狂|倒霉|喜剧|夸张|妻管严|大叔音,倒霉反派、妻管严丈夫、搞怪大叔、狡猾小人、搞笑配角,声音略带沙哑和独特的颗粒感，语调中透着一股狡黠却又经常吃瘪的倒霉气质。情感表达夸张且富有喜剧张力，非常适合演绎那些看似坏心眼实则搞笑、经常抓狂或唯唯诺诺的倒霉蛋
火花,影视角色/可莉.mp3,女,儿童,6岁,较快,配音,萝莉音|奶萌|活泼|稚嫩|可爱|元气|天真|淘气,魔法少女、淘气包、小精灵、呆萌妹妹、宠物拟人,极为稚嫩可爱的幼童女声，带有明显的“奶味”和元气感，语调上扬充满活力，非常适合演绎活泼好动、天真无邪的小女孩或魔法萌宠角色。
雷霆,影视角色/战甲零号.mp3,男,青年,28岁,适中,配音+旁白,坚定|热血|正气|悬疑|有张力|磁性|穿透力|戏剧感,热血主角、科幻旁白、警探、超级英雄、调查记者,声音充满力量感与紧迫感，正气凛然且富有张力。语调上扬带有明显的戏剧性和悬疑感，非常适合演绎热血动漫主角或科幻悬疑类的预告片旁白。
翠花,影视角色/墨丹丹.mp3,女,青年,26岁,较快,配音,东北口音|泼辣|爽朗|喜剧|接地气|八卦|夸张|亲切,农村大嫂、八卦邻居、喜剧女配、泼辣老板娘、搞笑村姑,带有浓郁东北方言特色的年轻女声，语调高昂且充满喜感，节奏明快，自带一种八卦闲聊的亲切感与泼辣劲儿，非常适合演绎喜剧小品或接地气的农村题材角色。
亦衡·四郎,影视角色/四郎.mp3,男,青年,28岁,适中,配音+旁白,清晰|标准|沉稳|理性|播音腔|温和|正经|商务|中正,新闻主播、系统提示音、纪录片解说、年轻医生、商务助理,音质清晰标准的青年男声，带有明显的播音主持风格，语调平稳理性，没有任何口音，给人一种专业、可靠且略带疏离的正式感，非常适合用于资讯播报或智能助手语音。
译制腔,影视角色/鬼子.mp3,男,中年,45岁,适中,配音,译制片|夸张|滑稽|独特|洋腔洋调|戏剧性|做作|诙谐|怀旧,外国军官、伪军翻译、洋买办、滑稽反派、傲慢贵族,充满辨识度的译制片风格男声，语调夸张且带有独特的“洋味儿”转折，充满戏剧张力和诙谐感，非常适合演绎老电影中的外国角色或带有讽刺意味的反派。
痞少,影视角色/哪吒.mp3,男,青年,23岁,适中,配音,慵懒|痞气|随性|玩世不恭|欠揍|沙哑|吐槽|松弛,纨绔子弟、街头混混、搞笑男配、废柴主角、傲娇少年,充满痞气和慵懒感的青年男声，语调松弛且带有一丝玩世不恭的戏谑感，非常适合演绎性格跳脱、爱吐槽或带点“欠揍”属性的喜剧角色。
夏日甜心,影视角色/美羊羊.mp3,女,少年,16岁,较快,配音,活泼|清脆|元气|甜美|欢快|俏皮|热情|高亢|明亮,活力少女、热血漫女主、女团偶像、海边游客、活泼妹妹,声音充满青春活力与夏日热情，语调上扬且富有感染力，带有明显的喜悦和期待感，非常适合演绎阳光开朗、元气满满的少女角色或欢快的度假场景。
泼猴,影视角色/孙悟空.mp3,男,青年,28岁,较快,配音,高亢|尖细|顽皮|京腔|戏谑|桀骜|活力|张扬|独具特色,孙悟空、美猴王、顽皮少年、江湖侠客、山寨小头目,极具辨识度的戏曲风格男声，声线高亢尖细且富有张力，带有明显的京剧念白韵味和顽皮不羁的性格色彩，完美契合孙悟空这类桀骜不驯、活泼好动的经典角色。
潇洒哥,影视角色/王也.mp3,男,青年,26岁,适中,配音,随性|痞气|磁性|讲义气|不羁|散漫|慵懒|亲切,江湖游侠、痞气兄弟、热心混混、不正经主角、街头老大,声音自带一种漫不经心的慵懒感，透着一股江湖气的洒脱与随性。语调看似吊儿郎当，实则重情重义，非常适合演绎那些外表痞气但内心善良、看重兄弟情义的角色。
清羽,影视角色/唐僧.mp3,男,青年,28岁,适中,配音+旁白,清亮|温润|亲切|自然|干净|阳光|现代|柔和,暖男、青年才俊、公司职员、电台主播、邻家哥哥,干净清亮的青年男声，音色温润如玉，带有一种天然的亲切感和书卷气，语气自然柔和，非常适合演绎暖男、现代都市剧中的男主角或情感类旁白。
听云,影视角色/猴哥.mp3,男,青年,27岁,适中,配音+旁白,清亮|温润|标准|磁性|亲切|阳光|书卷气|自然,文艺青年、电台主播、深情男二、知识博主、青年才俊,声音清亮温润，吐字清晰标准，带有一种令人舒适的亲切感和书卷气。语调自然平和，如同云卷云舒般轻松，非常适合情感类旁白或年轻正面角色的配音。
说书人,影视角色/沸羊羊.mp3,男,中年,45岁,较快,配音+旁白,高亢|激昂|夸张|评书味|戏剧感|江湖气|穿透力|抑扬顿挫,说书先生、江湖百晓生、客栈掌柜、咋咋呼呼的配角、滑稽反派,高亢且充满戏剧张力的中年男声，带有浓厚的传统评书韵味，咬字极重且富有节奏感，非常适合演绎江湖说书人或情绪激动的市井角色。
玄空,影视角色/如来佛祖.mp3,男,青年,28岁,较慢,配音,温润|清冷|慈悲|禁欲|儒雅|淡然|坚定|说教,唐僧、圣僧、修仙师尊、温柔书生、世家公子,温润如玉的青年男声，语调舒缓且充满慈悲感，自带一种超脱尘世的清冷与禁欲气息，非常适合演绎得道高僧或拥有大智慧的儒雅角色。
妙语,影视角色/太乙真人.mp3,男,青年,26岁,较快,配音,阴柔|戏谑|尖细|夸张|滑稽|做作|喜感|狡黠,太监、娘娘腔、狡猾小人、搞笑配角、谄媚跟班,声音尖细且带有明显的阴柔做作感，语气夸张戏谑，尾音上挑，充满了一种滑稽的谄媚劲儿，非常适合演绎太监、娘娘腔或喜剧中的狡猾小人物。
老顽童,影视角色/村长漫羊羊.mp3,男,老年,65岁,较慢,配音,滑稽|夸张|沙哑|搞怪|亲切|喜感|接地气|卡通感,古怪老师、搞怪爷爷、反派小罗啰、动画片怪博士、老巫师,声音带有一种滑稽且略带沙哑的卡通质感，语调夸张多变，透着一股“老顽童”般的狡黠与幽默，非常适合演绎动画片中搞怪的长辈或性格古怪的喜剧角色。
言朗,角色扮演/逍遥浪客.mp3,男,青年,27岁,适中,配音+旁白,清亮|阳光|自信|现代|活力|亲切|自然|明快,都市白领、热血青年、电商主播、游戏主角、科技博主,声音清亮且充满活力的青年男声，语气中透露出自信与阳光，咬字清晰干脆，没有任何拖沓感。非常适合演绎现代都市题材的年轻男性角色，或作为科技产品、时尚资讯的解说旁白。
糖豆,角色扮演/开朗妹妹.mp3,女,少年,16岁,较快,配音,活泼|元气|甜美|清亮|少女感|可爱|稚嫩|明快,动漫女主、校园女生、精灵、魔法少女、邻家妹妹,声音清亮甜美，充满了青春的活力和元气感，语调轻快上扬，听起来非常活泼可爱，适合演绎校园动漫中的活力少女或游戏中俏皮可爱的角色。
凌渊,角色扮演/不羁少爷.mp3,男,青年,28岁,适中,配音+旁白,磁性|温润|自信|清晰|现代|沉稳|苏感|知性,精英律师、深情男主、系统旁白、电台DJ、青年才俊,富有磁性的青年男声，咬字清晰且带有温暖的质感，语调中透露出一种自信与从容。既适合演绎现代都市剧中的深情男主，也适合作为高品质的广告或系统旁白。
言慎,角色扮演/霸道总裁.mp3,男,青年,27岁,适中,配音+旁白,清冷|沉稳|磁性|内敛|疏离|高冷|冷静|质感,冷面侍卫、禁欲系师兄、高智商侦探、世家公子、精英特工,声音清冷内敛，带有独特的磁性与疏离感，语调平稳克制，没有过多的情绪起伏，却透着一种冷静的掌控力，非常适合演绎性格孤傲、行事严谨或深藏不露的角色。
沉渊,角色扮演/悄语男友.mp3,男,青年,27岁,适中,配音,磁性|温柔|深情|低沉|气泡音|男友音|苏感|亲切,深情男主、温柔学长、电台主播、古风公子、暖男,带有明显磁性和颗粒感的青年男声，语调温柔低沉，自带一种深情款款的氛围，尾音略带气泡音，非常适合演绎言情剧中的深情男主或深夜情感电台主播。
亦辰,角色扮演/志气小伙.mp3,男,青年,23岁,较快,配音,明亮|清爽|阳光|亲切|活力|少年感|自然|积极,热血少年、阳光学长、新手警察、游戏主角、邻家哥哥,充满朝气与活力的青年男声，音色明亮清爽，略带一丝未褪去的少年感。语调轻快积极，非常适合演绎热血动漫主角、阳光开朗的邻家男孩或积极向上的年轻职场新人。
语嫣,角色扮演/傲娇女王.mp3,女,青年,24岁,适中,配音+旁白,温柔|知性|清晰|柔和|亲切|甜美|顺滑|服务感,智能助手、温柔姐姐、解说员、客服、知性女白领,声音柔和清晰的青年女声，音色甜美且具有知性感，语调亲切自然，带有一种令人舒适的服务感，非常适合智能语音助手、讲解旁白或温柔的女性角色。
言沐,角色扮演/少年统帅.mp3,男,青年,24岁,适中,配音+旁白,清朗|温润|磁性|现代|自然|深情|干净|男友力|阳光,都市暖男、偶像剧男主、年轻白领、电台主播、邻家哥哥,干净清爽的青年男声，音质温润且带有磁性，语调自然舒缓，充满现代感与亲和力，非常适合演绎都市情感剧中的深情男主或阳光暖男角色。
亦柔,角色扮演/知性御姐.mp3,女,青年,26岁,适中,配音+旁白,温柔|知性|清晰|亲切|自然|治愈|端庄|细腻,客服导览、情感博主、知心姐姐、广告独白、有声书女主,声音温柔细腻，如同春风拂面，语调平稳且充满亲和力。咬字清晰自然，自带一种抚慰人心的知性美感，非常适合情感类旁白或服务型语音交互场景。
星羽,角色扮演/娇媚萝莉.mp3,女,少年,15岁,适中,配音,稚嫩|清亮|柔弱|小心翼翼|纯真|轻盈|略带羞涩,柔弱少女、受惊的小女孩、病娇妹妹、二次元萝莉、游戏引导精灵,声音清脆稚嫩，带有一种明显的柔弱感和小心翼翼的语气，仿佛有点怕生或紧张，非常适合演绎需要保护欲的少女或纯真的二次元角色。
言煦·玉面公子,角色扮演/玉面公子.mp3,男,青年,26岁,适中,配音+旁白,清澈|温柔|阳光|亲切|干净|治愈|暖男|磁性|朝气,初恋男友、温润书生、邻家大哥哥、情感电台主播、青年医生,干净清澈的青年男声，如同春日暖阳般温柔治愈，语调亲切自然且富有朝气。非常适合演绎温暖深情的男友角色、治愈系情感文案或都市职场青年的旁白。
甜心果,角色扮演/俏皮公主.mp3,女,青年,19岁,适中,配音+旁白,甜美|元气|活泼|清亮|亲切|可爱|少女感|治愈,元气少女、贴心小秘书、邻家妹妹、动漫女主、智能语音助手,声音甜美清亮，充满青春活力与朝气，语调上扬带有自然的亲和力，非常适合演绎活泼可爱的少女角色或作为具有亲和力的交互提示音。
彦希,角色扮演/耿直君子.mp3,男,青年,23岁,适中,配音,清亮|阳光|自然|温柔|亲切|少年感|暖男|干净,校园男神、温柔学长、偶像剧男主、电台主播、治愈系少年,清亮干净的青年男声，音色中带有一种天然的阳光与温暖感，语调自然流畅，没有过多的修饰，非常适合演绎校园题材的男主角或温柔治愈系的邻家哥哥。
言煦·青春男大,角色扮演/青春男大.mp3,男,青年,24岁,适中,配音+旁白,清亮|温润|阳光|亲切|自然|现代|柔和|磁性,温柔男友、邻家大哥哥、暖男学长、情感博主、青年才俊,声音清亮温润，如同初升的暖阳，带有一种天然的亲切感和书卷气。语调自然柔和，没有距离感，非常适合演绎温暖治愈系的现代青年角色或情感类旁白。
星辰,角色扮演/元气男友.mp3,男,青年,23岁,适中,配音+旁白,阳光|清亮|元气|活力|亲切|少年感|自然|明快,热血动漫男主、校园校草、年轻解说员、游戏主播、科技博主,声音清亮且富有朝气，带有一种天然的亲和力和向上的活力。发音清晰自然，语调轻快明朗，非常适合演绎充满希望的年轻角色或作为时尚、科技类内容的旁白解说。
言渊,角色扮演/高尚郎君.mp3,男,青年,28岁,适中,配音+旁白,磁性|温润|深情|沉稳|优雅|治愈|公子音|轻熟,深情男二、古风公子、温柔学长、电台主播、知性医生,温润如玉的青年男声，嗓音极具磁性且带有明显的颗粒感，语气温柔深情，如同在耳边低语，非常适合演绎深情款款的角色或治愈系的情感旁白。
小可,角色扮演/软糯萝莉.mp3,女,青年,16岁,适中,配音,甜美|活泼|灵动|可爱|稚嫩|亲切|阳光|邻家,校园少女、妹妹、宠物拟人、精灵、元气女主,声音清脆甜美，如同清晨的露珠般透亮，带着明显的少女稚气与亲切感。语气欢快灵动，非常适合演绎元气满满的校园女生或可爱的妹妹角色。
言瑾·老管家,角色扮演/得道高僧.mp3,男,老年,65岁,较慢,配音+旁白,苍老|沙哑|慈祥|稳重|叙述感|阅历|温和|慢条斯理,老管家、慈祥爷爷、隐世高人、说书老人、旧时代掌柜,声音苍老且略带沙哑，语调平缓沉稳，透着岁月的沧桑感与慈祥，非常适合演绎忠诚的老管家或回忆往事的老者。
萌莉,角色扮演/超嗲萌妹.mp3,女,儿童,6岁,适中,配音,可爱|稚嫩|甜美|活泼|灵动|明亮|纯真|软萌|元气,智能助手、魔法少女、可爱宠物、邻家妹妹、动画片主角,声音稚嫩甜美，充满元气与活力，语调上扬且带有明显的可爱感。非常适合演绎动画片中的小女孩、拟人化萌宠或儿童向的智能语音交互场景。
言煦·高傲少爷,角色扮演/高傲少爷.mp3,男,青年,23岁,适中,配音+旁白,清亮|阳光|爽朗|自信|邻家|活力|现代|友善,热血少年、大学生、电竞选手、年轻警员、邻家哥哥,声音清亮且充满朝气，透着一股年轻人的爽朗与自信，语调自然流畅，没有沉重的修饰感。非常适合演绎现代题材中性格开朗、积极向上的年轻男性角色或轻松风格的广告旁白。
清音,角色扮演/温暖御姐.mp3,女,青年,23岁,适中,配音+旁白,清亮|甜美|温柔|自然|亲切|知性|治愈|悦耳,邻家少女、客服引导、电台主播、初入职场的小白、温柔学姐,声音清亮甜美，没有过多的修饰和造作感，语调自然流畅，透着一股邻家女孩般的亲切与温柔。非常适合用于日常对话、有声读物旁白或需要拉近距离感的智能助手语音。
亦玄,角色扮演/高冷男神.mp3,男,青年,28岁,较快,旁白,悬疑|抓耳|磁性|紧凑|讲述感|现代|干练|反转,短视频解说、悬疑剧旁白、营销号主播、都市剧解说、新闻播报,充满悬念感与抓耳力的青年男声，语速紧凑且带有明显的讲述欲望，善于通过语调的变化制造剧情反转的氛围，非常适合快节奏的影视解说或短视频开头。
福伯,角色扮演/唠嗑大爷.mp3,男,老年,65岁,较慢,配音,沧桑|和蔼|故事感|略带沙哑|慈祥|管家|沉稳|忠诚,老管家、忠仆、隐世高人、慈祥爷爷、扫地僧,声音苍老中透着慈祥与稳重，略带沙哑的质感极具故事性，语调平和而忠诚，非常适合演绎陪伴主角多年的老管家或深藏不露的前辈高人。
言溯,角色扮演/青年才俊.mp3,男,青年,26岁,适中,配音+旁白,清冷|磁性|温润|理性|苏感|知性|沉稳|冷静|深情,高冷学霸、刑侦顾问、深情男二、精英律师、电台主播,声音清冷中透着一丝温润的磁性，如同山间清泉般干净悦耳。语调平稳克制，自带一种理性与智性美，既适合演绎高智商的冷静角色，也能诠释深情内敛的独白。
元气希希,角色扮演/甜美萌妹.mp3,女,青年,23岁,适中,配音+旁白,甜美|元气|清晰|亲切|明亮|活力|温柔|现代|治愈,智能助手、游戏引导员、邻家妹妹、现代都市少女、校园女主,声音清脆明亮，充满青春活力与元气感，吐字清晰且带有自然的亲切感，非常适合作为智能助手、游戏新手指引或现代甜宠剧中的活泼少女角色。
言修,角色扮演/娇弱弟弟.mp3,男,青年,23岁,适中,配音+旁白,清澈|温柔|干净|微哑|磁性|深情|忧郁|少年感|暖男,深情男二、治愈系主播、暖男学长、病娇少年、回忆独白,声音清澈中带着一丝微微的沙哑，如泉水般干净透亮，情感细腻温柔，带有一种天然的深情与脆弱感，非常适合演绎那些需要引发听众共鸣、治愈或稍带忧郁色彩的青年角色。
霜华,角色扮演/冰山女王.mp3,女,青年,28岁,适中,配音,冷艳|御姐|霸气|质感|高傲|磁性|成熟|利落,女将军、冷酷杀手、反派女魔头、高冷上司、女王,声线冷冽而富有磁性的青年御姐音，语调中透着一种不容置疑的自信与高傲。声音质感扎实，气息平稳，非常适合演绎那些身居高位、性格强势或冷酷干练的女性角色。
亦平,角色扮演/温润君子.mp3,男,青年,28岁,适中,配音+旁白,清晰|标准|温和|亲切|自然|磁性|稳重|通用|中正,AI助手、有声书旁白、科技解说、新闻播报、系统提示音,声音清晰且富有磁性，语调平稳自然，没有过多的情绪渲染，具有极高的辨识度和亲和力。非常适合作为智能助手语音、科技产品介绍或通用的有声书旁白。
元气少年,角色扮演/叛逆青年.mp3,男,青年,22岁,适中,配音+旁白,阳光|活力|清亮|爽朗|自信|朝气|少年感|亲和力,热血主角、邻家哥哥、校园男神、阳光学弟、冒险家,充满朝气与活力的年轻男声，音色清亮爽朗，如同夏日里的阳光般具有穿透力，语调自信且富有感染力，非常适合演绎热血动漫主角或青春校园题材角色。
元气酱,角色扮演/甜心少女.mp3,女,青年,23岁,适中,配音+旁白,明亮|甜美|清新|活泼|少女感|亲切|元气|悦耳|自然,智能助手、邻家少女、游戏向导、元气学妹、动画女主角,声音明亮清脆，充满了青春的朝气与活力，甜美而不腻，语调轻快且富有亲和力。非常适合作为智能助手、游戏引导员或校园剧中的活力少女角色，给人一种如沐春风的愉悦感。
墨轩,角色扮演/阴险男主.mp3,男,青年,27岁,适中,配音,磁性|深沉|腹黑|玩味|神秘|智谋|优雅|暗黑,腹黑谋士、反派卧底、心机王爷、神秘刺客、冷面军师,充满磁性的青年男声，语调中带有一丝玩味和试探，听似漫不经心实则暗藏杀机。适合演绎那些城府极深、智谋超群或背后隐藏着巨大秘密的角色，给人一种危险又迷人的感觉。
墨澜,角色扮演/柔情盟主.mp3,男,青年,28岁,适中,配音+旁白,低沉|磁性|深情|温润|雅致|稳重|苏感|魅力,贵族公子、深情男二、年轻教授、精英律师、电台DJ,声音低沉磁性，兼具温润与苏感，语调平稳优雅，情感表达深沉内敛，非常适合演绎深情款款的男主角、高知精英或深夜情感电台旁白。
清泽,角色扮演/固执男友.mp3,男,青年,23岁,适中,配音+旁白,清澈|温柔|干净|温润|细腻|书卷气|少年感|平和|治愈,温柔学长、书生、邻家哥哥、深情男二、文艺青年、治愈系男主,清澈干净的青年男声，如同清泉流过，语气温柔细腻，带有淡淡的书卷气和少年感。非常适合演绎温柔深情的角色或朗读治愈系、文艺类的文本。
清旭,角色扮演/偏执弟弟.mp3,男,青年,23岁,适中,配音+旁白,清亮|温柔|少年感|干净|亲切|阳光|治愈|初恋音|温和|舒缓,初恋男友、温柔学长、贴心男配、年轻书生、治愈系电台主播,声音清亮干净，如同清晨的阳光般温暖，带有一种天然的少年感和治愈力。语气温柔亲切，没有攻击性，非常适合演绎校园剧中的温柔学长或治愈系的情感旁白。
灵悦,角色扮演/娇媚女神.mp3,女,青年,23岁,适中,配音+旁白,清亮|甜美|温柔|灵动|知性|亲切|自然|明快,邻家少女、职场新人、游戏向导、偶像剧女主、有声书女播,声音清亮甜美，如同清晨的露珠般灵动，既带有邻家女孩的亲切感，又不失职场新人的干练与知性。语调自然明快，非常适合演绎现代都市剧女主角或进行轻松向的解说。
萌小希,角色扮演/稚嫩少女.mp3,女,儿童,6岁,适中,配音,稚嫩|可爱|软萌|清脆|甜美|活泼|天真|治愈,小女孩、精灵、智能助手、幼儿园小朋友、动漫萌宠,声音极具稚嫩感和软萌气息，咬字清晰但带有儿童特有的奶气，听感甜美治愈，非常适合演绎可爱的小女孩、动漫中的萌宠或具有亲和力的儿童角色。
言悦,角色扮演/阳光少年.mp3,男,青年,26岁,适中,配音+旁白,清亮|阳光|亲切|温润|朝气|舒适|现代|活力,暖男学长、职场新人、电台DJ、科技博主、邻家哥哥,声音清亮温润，充满阳光般的朝气与亲切感，咬字清晰自然，语调轻松愉悦。非常适合演绎现代都市剧中的暖男角色，或作为科技产品、生活类视频的解说旁白。
玄夜,角色扮演/温吞少爷.mp3,男,青年,28岁,适中,配音+旁白,低沉|磁性|温柔|高冷|深情|现代|苏感|男神音,霸道总裁、冷面王爷、深情男二、精英律师、高冷学长,声音低沉磁性，带有一种高冷中透着温柔的“苏感”。语调平静但富有内在的情感张力，非常适合演绎现代言情剧中的男主角或古装剧中深情隐忍的角色，听感迷人且富有质感。
萌桃,角色扮演/阳光甜心.mp3,女,儿童,6岁,较快,配音,稚嫩|可爱|活泼|元气|高音|清亮|童真|软萌,小萝莉、精灵、妹妹、宠物拟人、动画片主角,声音极具稚嫩感和穿透力，带有明显的幼态特征，语调上扬且充满活力，非常适合演绎活泼可爱的幼童、二次元萌系少女或调皮的小精灵角色。
薇安,角色扮演/成熟白领.mp3,女,青年,27岁,适中,配音+旁白,知性|温柔|优雅|职场|亲和|清晰|自然|理性|干练,都市白领、知性姐姐、新闻主播、AI助理、纪录片解说,声音清澈温润，兼具知性与亲和力，吐字清晰流畅，语调自然平稳，带有一种优雅干练的职场气质，非常适合演绎现代都市女性或作为专业且亲切的解说旁白。
顾言,角色扮演/文弱书生.mp3,男,青年,26岁,较慢,配音+旁白,温润|清冷|深情|磁性|优雅|柔和|克制|知性,温润公子、深情男二、年轻教授、忧郁画家、病弱书生,声音清冷温润，带有一种克制的深情和优雅的磁性。语气柔和舒缓，如同春风拂面，非常适合演绎性格内敛、情感细腻或带有忧郁气质的青年角色。
言念,角色扮演/霸道哥哥.mp3,男,青年,27岁,适中,配音+旁白,温润|磁性|深情|清澈|优雅|现代|苏感|治愈,温柔男友、电台主播、深情男主、文艺旁白、古风公子,温润如玉的青年男声，嗓音清澈且极具磁性，带有一种天然的深情与治愈感，非常适合演绎令人心动的恋爱对象或温暖人心的电台讲述者。
悦然,角色扮演/俏皮姐姐.mp3,女,青年,26岁,适中,配音+旁白,亲切|明亮|温柔|知性|清晰|自然|治愈|悦耳,AI助手、都市白领、知性姐姐、电台主播、广告旁白,声音明亮且富有亲和力，吐字清晰圆润，带有一种自然的微笑感，语调平稳又不失情感起伏，非常适合作为智能助手、有声读物或宣传片的解说配音。
苏念,角色扮演/纯情闺蜜.mp3,男,青年,24岁,适中,配音+旁白,温柔|宠溺|清亮|磁性|暖男|治愈|深情|现代|含笑,贴心男友、温柔学长、情感博主、偶像剧男主、年轻医生,声音清亮温润，自带三分笑意和七分宠溺，如同春日暖阳般治愈。语调轻松自然，非常适合演绎现代都市恋爱题材中的贴心男友或深情告白。
沁雅,角色扮演/青春女神.mp3,女,青年,26岁,适中,配音+旁白,知性|温婉|清晰|亲切|柔和|悦耳|自然|轻熟,都市白领、纪录片旁白、温柔姐姐、情感电台、客服引导,声音温婉知性，透着一股轻熟的女性魅力，语气亲切自然且富有穿透力。无论是从容的商务接待，还是温暖的情感叙述，都能给人如沐春风的听感。
彦阳,角色扮演/奶糖弟弟.mp3,男,青年,26岁,较快,配音+旁白,阳光|清亮|元气|积极|热情|亲切|自然|活力|友善,热血少年、年轻主持人、阳光学长、广告推销员、新手职员,声音清亮富有朝气，语速轻快且充满热情，像是一个充满活力的邻家大男孩或初入职场的积极青年。语气中带有明显的亲切感，适合演绎正能量角色或快节奏的广告旁白。
言瑾·低磁男,角色扮演/冷面霸总.mp3,男,青年,28岁,适中,配音+旁白,低沉|磁性|温柔|深情|苏感|现代|稳重|略带气泡音|知性,深情男配、电台主播、温柔学长、职场精英、恋爱游戏男主,声音低沉且富有磁性，尾音略带迷人的气泡音，听感温柔深情，有一种近距离耳语的“苏感”，非常适合演绎深情的现代男性角色或情感类旁白。
言瑾·冷漠总裁,角色扮演/冷漠总裁.mp3,男,青年,28岁,适中,配音+旁白,温润|清亮|磁性|现代|知性|平和|亲切|冷静,都市精英、暖男学长、新闻主播、纪录片解说、AI助手,清亮温润的青年男声，音质干净且富有磁性，语调平和自然，给人一种彬彬有礼、知性可靠的感觉，非常适合都市情感类配音或科技产品介绍。
港仔,豆哥方言/广西表哥.mp3,男,青年,26岁,适中,配音,港普|魔性|滑稽|接地气|搞怪|市井|诙谐|口音,香港小贩、街头混混、搞笑路人、茶餐厅伙计、卧底警察,带有浓重港式口音的青年男声，语调魔性且接地气，自带一种诙谐滑稽的市井气息，非常适合演绎搞笑短视频或影视剧中带有喜感的路人角色。
亦心,豆哥方言/陕普-逗星澜.mp3,女,青年,26岁,适中,配音+旁白,知性|温柔|清晰|自然|亲切|舒适|现代|大方|悦耳,职场女性、知性学姐、情感电台主播、纪录片旁白、客服向导,清晰自然的青年女声，音色干净且富有知性美，语调平稳柔和，带有淡淡的温暖感，非常适合现代都市题材的旁白解说或亲切自然的日常对话。
言瑾·福南男人,豆哥方言/福南男人.mp3,男,青年,28岁,适中,配音+旁白,磁性|温和|现代|自然|亲切|略带沙哑|都市|讲述感,电台主播、都市职场人、暖男、纪录片旁白、深情男主,声音自带一种温暖的磁性，略带一点点沙哑的质感，听起来既亲切又具有现代都市感。语气平稳自然，非常适合演绎都市职场青年、情感类电台主播或具有讲述感的旁白。
川妹子,豆哥方言/重庆-逗渝萱.mp3,女,青年,25岁,适中,配音,方言|活泼|接地气|爽朗|亲切|自然|俏皮|邻家|明亮,四川姑娘、火锅店老板娘、热心邻居、江湖女侠、导游,充满浓郁四川方言特色的年轻女声，语调上扬、明快爽朗，带有天然的幽默感和亲切感，非常适合演绎性格直率、泼辣或活泼的方言角色。
鲁大叔,豆哥方言/山东-逗明翔.mp3,男,中年,48岁,适中,配音+旁白,山东口音|朴实|憨厚|接地气|亲切|粗犷|生活化|方言,农村大叔、食堂大厨、村支书、老实巴交的父亲、小摊贩,带有明显山东风味的方言男声，音色粗犷中透着朴实与憨厚，语调接地气，毫无距离感，非常适合演绎农村题材、生活短剧中的长辈或老乡角色。
豫州老李,豆哥方言/河南-逗子登.mp3,男,中年,45岁,适中,配音,河南方言|浑厚|接地气|质朴|自然|亲切|粗犷|中气十足,农村大叔、热心邻居、地摊摊主、憨厚农民、老乡,声音浑厚且带有明显的河南方言口音，发音质朴自然，透着一股憨厚和亲切感，非常适合演绎接地气的农村大叔或热心肠的邻里角色。
椒妹子,豆哥方言/四川-逗川怡.mp3,女,青年,26岁,较快,配音,方言|四川话|泼辣|热情|爽朗|接地气|喜感|生活化|高亢,老板娘、市井大姐、热心邻居、搞怪女配、服务员,充满生活气息的四川方言女声，音色明亮爽朗，带有明显的川渝地区特色口音，语调上扬且富有节奏感，适合演绎性格泼辣、热情直爽或带有喜剧色彩的市井人物。
言瑾·铁柱方言,豆哥方言/逗铁柱.mp3,男,青年,28岁,适中,配音+旁白,温暖|磁性|清亮|自然|亲切|知性|柔和|稳重,暖男、电台主播、深情男二、知识博主、青年才俊,声音温暖清亮，带有年轻男性的磁性与活力，语调自然流畅，给人一种如沐春风的亲切感。非常适合情感类电台、有声书旁白或演绎温柔体贴的暖男角色。
东北老铁,豆哥方言/天津-逗子睿.mp3,男,青年,28岁,较快,配音,东北方言|接地气|幽默|热情|豪爽|市井|亲切|生活化,热心邻居、出租车司机、菜市场小贩、搞笑配角、网络主播,带有浓重东北口音的年轻男声，发音自带喜感和豪爽劲儿，语气热情洋溢，非常接地气，适合演绎生活化场景中的搞笑、朴实或热心的市井小人物。
克洛伊,豆哥方言/江浙-逗可童.mp3,女,青年,26岁,适中,配音,中式英语|塑料普通话|接地气|幽默|客服腔|搞怪|亲切|非标准,蹩脚推销员、不知名客服、喜剧配角、搞怪邻居、新手导游,带有明显口音色彩的年轻女声，英语发音生硬且带有强烈的中式方言味道，后半段中文也透着一种非标准的“塑料”感，听感接地气且自带幽默效果，适合演绎不太专业的客服或喜剧
上海沪婉,豆哥方言/东北肉姐.mp3,女,青年,28岁,适中,配音+旁白,亲切|明亮|东北腔|爽朗|接地气|热情|干练|自然,热心大姐、带货主播、东北媳妇、综艺旁白、邻居阿姨,声音明亮且极具辨识度，带有明显的东北口音，语调上扬充满热情与活力。听感亲切自然，如同邻家热心大姐在唠家常，非常适合接地气的剧情配音或带货场景。
上海沪嫂,豆哥方言/上海-逗沪婉.mp3,女,中年,52岁,适中,配音,亲切|市井|吴侬软语|上海话|大妈|热情|生活化|方言,弄堂阿姨、热心邻居、上海丈母娘、菜场大妈,地道的上海话方言女声，语调软糯中带着市井的烟火气，听感亲切自然，如同弄堂里热情的邻居阿姨，非常适合演绎具有地域特色的生活场景。
沪上阿叔,豆哥方言/江浙-逗羽哲.mp3,男,中年,48岁,适中,配音,方言|上海口音|亲切|接地气|市井|诙谐|大叔音|distinctive,上海弄堂大叔、精明的小老板、热心邻居、搞笑配角、管家,带有浓郁上海风味的中年男声，口音独特且辨识度极高，透着一股市井生活的精明与亲切感，非常适合演绎具有地方特色的诙谐角色。
湖南湘婷,豆哥方言/逗静婉.mp3,女,青年,24岁,较快,配音,方言|活泼|热情|亲切|俏皮|接地气|泼辣|明亮,重庆妹子、火锅店老板娘、热心邻居、直爽闺蜜、江湖女侠,充满活力与生活气息的年轻女声，带有明显的川渝方言口音，语调上扬且富有感染力，听起来热辣爽快，非常适合演绎性格直爽、泼辣或接地气的女性角色。
元气甜妹,豆哥方言/湖南-逗湘婷.mp3,女,青年,22岁,较快,配音+旁白,清脆|活泼|元气|甜美|欢快|明亮|亲切|高音色,元气少女、热血动漫女角、游戏引导NPC、邻家妹妹、偶像练习生,清脆明亮的年轻女声，语调上扬充满活力，带有明显的笑意和亲切感，非常适合演绎活泼可爱的少女角色或轻松欢快的解说场景。
泽言,豆哥方言/台普-逗阿豪.mp3,男,青年,23岁,适中,配音+旁白,清亮|活泼|元气|自然|亲切|少年感|爽朗|阳光,热血少年、阳光学弟、年轻侠客、游戏主角、电台主播,声音清亮且富有活力，带有明显的少年感和阳光气质，语调自然流畅，给人一种亲切爽朗的感觉，非常适合演绎热血动漫主角或现代都市剧中的年轻男性角色。
粤语毛洁,豆哥方言/粤语-逗沐松.mp3,男,青年,28岁,适中,配音+旁白,粤语|沉稳|温润|磁性|商务|知性|清晰|自然|亲切,TVB职业剧主角、新闻主播、纪录片旁白、商务精英、深情男主,标准的粤语男声，音色温润且带有磁性，语调自然流畅，既有商务人士的干练与稳重，又不失亲切感，非常适合粤语地区的广告、职业剧配音及文化类旁白。
黑龙,豆哥方言/粤语-逗毛洁.mp3,男,青年,26岁,适中,旁白,粤语|磁性|温暖|清亮|自信|现代|自然|亲切|朝气,电台主持、现代青年、职场新人、阳光暖男、旅游向导,标准且自然的粤语男声，音色清亮中带着磁性和温暖，语调轻松自信，如同电台DJ或亲切的朋友在打招呼，非常适合现代都市题材的旁白或角色配音。
言笑,豆哥方言/西安-逗秦研.mp3,女,青年,26岁,适中,配音+旁白,亲切|自然|明亮|方言感|大方|接地气|温暖|邻家|随和,热心邻居、导游、客服人员、综艺旁白、地方台主持人,声音明亮大方，带有一丝不易察觉的口音色彩，使得整体听感极其自然亲切，就像久别重逢的老友。语调上扬，充满热情与欢迎之意，非常适合演绎具有生活气息的角色或轻松愉快的
台湾青青,豆哥方言/东北霸妹.mp3,女,中年,38岁,适中,配音,东北方言|豪爽|亲切|热情|接地气|大嗓门|干练|生活化,热心大姐、东北媳妇、居委会大妈、菜市场摊主、小品演员,充满浓郁东北风味的中年女声，语调上扬且富有感染力，透着一股豪爽、泼辣与热情。声音接地气，极具生活气息，非常适合演绎热心肠的邻里大姐或喜剧类角色。
智妍,豆哥方言/台湾-青青.mp3,女,青年,26岁,适中,配音+旁白,温柔|甜美|清晰|亲切|知性|治愈|悦耳|服务感,智能助手、客服引导、有声书旁白、电台主播、温柔学姐,声音清亮甜美，自带一种温暖的亲切感和专业服务感，咬字清晰圆润，语调平稳柔和，非常适合作为智能语音助手或治愈系文案的旁白。
逗靓靓,豆哥方言/台普繁-逗同恩.mp3,男,青年,27岁,适中,配音+旁白,温和|清晰|自然|亲切|知性|稳重|平静|现代感,青年教师、科技解说、职场精英、暖男、纪录片旁白,声音温润清晰，音色自然且具有现代感，语调平稳流畅，带有一种知性与亲和力并存的气质，适合作为科技、教育类视频的旁白或都市剧中的稳重青年角色。
粤语嘉琪,豆哥方言/逗靓靓.mp3,女,青年,26岁,适中,配音+旁白,粤语|知性|清晰|柔和|亲切|自然|商务|地道,香港白领、导游解说、TVB职场女性、粤语新闻播报、客服,发音标准的粤语女声，音色知性柔和，语调自然流畅，给人一种亲切而专业的听感，非常适合粤语地区的旁白解说或职场女性角色配音。
川渝哥,豆哥方言/东北-逗佳妮.mp3,女,中年,45岁,较快,配音,接地气|东北口音|热情|爽朗|大妈|生活化|亲切|喜剧,热心邻居、农村大婶、八卦阿姨、菜市场老板娘、广场舞领队,充满生活气息的东北口音中年女声，语调上扬，透着一股热情爽朗和自来熟的劲头。非常适合演绎热心肠的农村大婶、喜欢唠嗑的邻居阿姨或喜剧类角色。
长沙星玥,豆哥方言/逗渝达.mp3,男,青年,28岁,适中,配音+旁白,方言|川普|亲切|接地气|幽默|活泼|自然|轻松,出租车司机、热心肠路人、搞笑博主、带货主播、邻居大哥,带有明显四川/重庆口音的普通话（川普），声音听起来非常亲切且接地气，自带一种轻松幽默的氛围，非常适合生活化的场景或搞笑类内容的解说与角色演绎。
川渝辣妹,豆哥方言/长沙-逗星玥.mp3,女,青年,24岁,较快,配音,四川方言|泼辣|活泼|接地气|明快|热情|干练|市井气,火锅店老板娘、泼辣邻居、欢喜冤家、热心肠大姐、豪爽侠女,充满生活气息的四川方言女声，语调上扬且富有节奏感，听起来泼辣爽利、热情直率，非常适合演绎性格外向、嘴快心热的市井人物或喜剧角色。
蓉蓉,豆哥方言/四川-小月.mp3,女,青年,22岁,较快,配音,四川方言|活泼|清脆|俏皮|接地气|邻家|明快|热情,四川妹子、火锅店老板娘、活泼闺蜜、方言导游、市井小妹,带有浓郁四川口音的年轻女声，语调上扬且富有跳跃感，听感清脆明亮，透着一股泼辣又热情的劲儿，非常适合演绎性格直爽、活泼开朗的四川本地角色。
广普辉叔,豆哥方言/潮汕.mp3,男,中年,45岁,适中,配音,广普口音|接地气|幽默|随和|烟嗓|市井|真实|亲切,包租公、大排档老板、黑帮小头目、暴发户、搞笑路人,带有明显广东口音的普通话，声音略带沙哑和市井气息，听感轻松随和，既有街头巷尾的真实感，又适合演绎略带喜感的南方老板或江湖小人物。
言雅,豆哥方言/粤语-逗崽崽.mp3,男,青年,27岁,适中,配音+旁白,粤语|港风|磁性|深情|温润|叙述感|亲切|都市,深情男主、电台DJ、都市白领、港剧警察、暖男学长,地道标准的粤语青年男声，音色温润带有磁性，语气中透着一种久别重逢的深情与亲切感。像是TVB经典剧集中的男主角，既适合演绎都市情感剧，也适合作为电台深夜节目的治愈
豫中老乡,豆哥方言/台普繁-逗丽珍.mp3,女,青年,26岁,适中,配音+旁白,知性|温婉|清晰|亲切|柔和|端庄|治愈|悦耳,智能助手、有声书旁白、博物馆解说、知性姐姐、新闻播报,温婉知性的青年女声，音色清亮且富有亲和力，咬字清晰自然，语调平稳柔和，非常适合作为智能客服、有声读物旁白或知性女性角色的配音。
言蜀,豆哥方言/陕西-逗云舒.mp3,女,中年,45岁,适中,配音,方言|河南口音|朴实|接地气|亲切|自然|生活化|大姐,农村大嫂、媒婆、热心邻居、甚至小摊贩、菜市场大妈,声音带有浓厚且地道的中原官话方言韵味（类似河南话），音色朴实无华，充满生活气息，非常适合演绎农村题材剧中的妇女形象或市井生活中的热心大姐。
铁憨憨,豆哥方言/重庆-逗江晨.mp3,男,青年,27岁,适中,配音,四川口音|幽默|亲切|接地气|随性|方言普通话|市井|活力,四川籍配角、搞笑路人、外卖小哥、热心邻居、出租车司机,带有明显四川口音特征的“川普”男声，平舌音和调值极具辨识度，声音听起来随性自然，充满市井烟火气和幽默感，非常适合演绎接地气的搞笑角色或生活化场景。
台普旭飞,豆哥方言/逗北虎.mp3,男,青年,27岁,适中,配音,接地气|东北口音|憨厚|直爽|质朴|自然|略带沙哑|生活化,热心邻居、修车师傅、街头小贩、搞笑配角、朴实青年,声音带有明显的东北口音特色，听感憨厚直爽，略带沙哑的质感非常接地气，适合演绎生活中朴实、热心或带有喜剧色彩的市井小人物。
言拓,豆哥方言/台普-逗旭飞.mp3,男,青年,27岁,适中,配音,科技感|标准|清晰|合成感|平静|中性|服务型|现代,AI助手、系统提示音、新手引导员、客服机器人、科技产品演示,声音听感略带机械与数码质感，发音极其标准清晰，情绪平稳且客观，适合作为各类APP、智能设备中的系统提示音或AI语音助手，给人以现代且高效的服务体验。
粤语芷晴,豆哥方言/粤语-桃子.mp3,女,青年,27岁,适中,配音+旁白,粤语|知性|清晰|柔和|亲切|自然|商务|干练,新闻播报员、智能客服、公司职员、导游、系统提示音,发音标准的粤语女声，音色清晰柔和，带有一种知性与亲切感。语调平稳自然，没有过多的情绪起伏，非常适合用于粤语地区的智能语音交互、新闻播报或商务接待场景。
